-- phpMyAdmin SQL Dump
-- version 4.7.0
-- https://www.phpmyadmin.net/
--
-- Servidor: 127.0.0.1
-- Tiempo de generación: 27-10-2017 a las 19:51:06
-- Versión del servidor: 10.1.26-MariaDB
-- Versión de PHP: 7.1.8

SET SQL_MODE = "NO_AUTO_VALUE_ON_ZERO";
SET AUTOCOMMIT = 0;
START TRANSACTION;
SET time_zone = "+00:00";


/*!40101 SET @OLD_CHARACTER_SET_CLIENT=@@CHARACTER_SET_CLIENT */;
/*!40101 SET @OLD_CHARACTER_SET_RESULTS=@@CHARACTER_SET_RESULTS */;
/*!40101 SET @OLD_COLLATION_CONNECTION=@@COLLATION_CONNECTION */;
/*!40101 SET NAMES utf8mb4 */;

--
-- Base de datos: `mundtec`
--

-- --------------------------------------------------------

--
-- Estructura de tabla para la tabla `categories`
--

CREATE TABLE `categories` (
  `id` int(11) NOT NULL,
  `name` varchar(120) COLLATE utf8_bin NOT NULL,
  `icon` varchar(120) COLLATE utf8_bin NOT NULL
) ENGINE=InnoDB DEFAULT CHARSET=utf8 COLLATE=utf8_bin;

--
-- Volcado de datos para la tabla `categories`
--

INSERT INTO `categories` (`id`, `name`, `icon`) VALUES
(1, 'Netbooks', 'fa-laptop'),
(2, 'Celulares', 'fa-mobile'),
(3, 'Televisores', 'fa-television');

-- --------------------------------------------------------

--
-- Estructura de tabla para la tabla `countrys`
--

CREATE TABLE `countrys` (
  `id_country` int(1) NOT NULL,
  `id` varchar(10) NOT NULL,
  `name` varchar(10) NOT NULL
) ENGINE=InnoDB DEFAULT CHARSET=latin1;

--
-- Volcado de datos para la tabla `countrys`
--

INSERT INTO `countrys` (`id_country`, `id`, `name`) VALUES
(1, 'ar', 'Argentina'),
(2, 'py', 'Paraguay'),
(3, 've', 'Venezuela'),
(4, 'bo', 'Bolivia'),
(5, 'pe', 'Peru'),
(6, 'br', 'Brazil'),
(7, 'uy', 'Uruguay'),
(8, 'cl', 'Chile'),
(9, 'co', 'Colombia'),
(10, 'ec', 'Ecuador'),
(11, 'mx', 'Mexico');

-- --------------------------------------------------------

--
-- Estructura de tabla para la tabla `marks`
--

CREATE TABLE `marks` (
  `id` int(11) NOT NULL,
  `name` varchar(120) COLLATE utf8_bin NOT NULL
) ENGINE=InnoDB DEFAULT CHARSET=utf8 COLLATE=utf8_bin;

--
-- Volcado de datos para la tabla `marks`
--

INSERT INTO `marks` (`id`, `name`) VALUES
(1, 'LG'),
(2, 'Sony'),
(3, 'Motorola'),
(4, 'Samsung'),
(5, 'Huawei'),
(6, 'Admiral'),
(7, 'Compaq'),
(8, 'HP'),
(9, 'Lenovo'),
(10, 'Acer'),
(11, 'Positivo-bgh'),
(12, 'Lumia');

-- --------------------------------------------------------

--
-- Estructura de tabla para la tabla `mistakes`
--

CREATE TABLE `mistakes` (
  `id` int(11) NOT NULL,
  `user_id` int(11) NOT NULL,
  `title` varchar(155) NOT NULL,
  `description` text NOT NULL,
  `status` int(11) NOT NULL,
  `created_at` datetime NOT NULL
) ENGINE=InnoDB DEFAULT CHARSET=latin1;

--
-- Volcado de datos para la tabla `mistakes`
--

INSERT INTO `mistakes` (`id`, `user_id`, `title`, `description`, `status`, `created_at`) VALUES
(1, 1, 'Product # 023123, does not have your images', 'This product does not contain images', 3, '2017-10-22 04:07:00'),
(2, 1, 'Product # 213151, does not have your price', 'Product price can not be found', 1, '2017-10-22 03:00:00'),
(3, 1, 'I do not have the products in my shopping cart', 'I do not have the products in my shopping cartd', 2, '2017-10-22 05:00:00'),
(4, 1, 'Product # 023123, does not have your images', 'Product # 023123, does not have your images', 2, '2017-10-23 00:00:00'),
(5, 1, 'Product # 213151, does not have your price', 'Product # 213151, does not have your price', 1, '2017-10-23 03:00:00'),
(6, 1, 'Not found the product #42314 in the website', 'Whats is this shiet?', 1, '2017-10-23 05:00:00');

-- --------------------------------------------------------

--
-- Estructura de tabla para la tabla `products`
--

CREATE TABLE `products` (
  `id` int(11) NOT NULL,
  `title` varchar(255) CHARACTER SET utf8 NOT NULL,
  `description` text COLLATE utf8_bin NOT NULL,
  `category` decimal(9,0) NOT NULL,
  `mark` int(11) NOT NULL,
  `price` int(11) NOT NULL,
  `stock` int(11) NOT NULL,
  `image` text COLLATE utf8_bin,
  `folder` text COLLATE utf8_bin,
  `offer` tinyint(1) DEFAULT NULL,
  `offer_number` int(11) DEFAULT NULL,
  `created_at` datetime NOT NULL,
  `updated_at` datetime NOT NULL DEFAULT CURRENT_TIMESTAMP ON UPDATE CURRENT_TIMESTAMP
) ENGINE=InnoDB DEFAULT CHARSET=utf8 COLLATE=utf8_bin;

--
-- Volcado de datos para la tabla `products`
--

INSERT INTO `products` (`id`, `title`, `description`, `category`, `mark`, `price`, `stock`, `image`, `folder`, `offer`, `offer_number`, `created_at`, `updated_at`) VALUES
(1, 'Celular Libre Motorola Moto G 3ra Generación', '<h2 open=\"\" style=\"outline: 0px; list-style: none;\"><em style=\"outline: 0px; list-style: none;\"><strong style=\"outline: 0px; list-style: none;\"><u>Descripci&oacute;n</u></strong></em></h2><p open=\"\" style=\"outline: 0px; list-style: none; font-family: ;\">Poderoso y accesible, el nuevo <strong style=\"outline: 0px; list-style: none;\">Moto G</strong> es un smartphone en el que podes confiar. Es resistente al agua, por lo que no te va a decepcionar. Y al venir equipado con un software innovador, una c&aacute;mara de 13 Mp y la velocidad de 4G LTE, est&aacute; listo para todo. Todo en un espectacular dise&ntilde;o que ofrece una sensaci&oacute;n tan buena como su apariencia.</p><p open=\"\" style=\"outline: 0px; list-style: none; font-family: ;\"><br></p><h2 open=\"\" style=\"outline: 0px; list-style: none;\"><em style=\"outline: 0px; list-style: none;\"><strong style=\"outline: 0px; list-style: none;\"><u>C&aacute;mara</u></strong></em></h2><p open=\"\" style=\"outline: 0px; list-style: none; font-family: ;\"><strong style=\"outline: 0px; list-style: none;\">El Moto G&nbsp;</strong>tiene una <strong style=\"outline: 0px; list-style: none;\">c&aacute;mara trasera de 13 Mp y frontal de 5 Mp</strong>: Captura fotos de gran nitidez con la c&aacute;mara de 13 MP de tu <strong style=\"outline: 0px; list-style: none;\">Moto G</strong>, que incluye un flash LED doble de balance de color, y una c&aacute;mara frontal de 5 MP.</p><p data-empty=\"true\"><br style=\"outline: 0px; list-style: none; font-family: ;\" open=\"\"></p><h2 open=\"\" style=\"outline: 0px; list-style: none;\"><em style=\"outline: 0px; list-style: none;\"><strong style=\"outline: 0px; list-style: none;\"><u>Bater&iacute;a</u></strong></em></h2><p open=\"\" style=\"outline: 0px; list-style: none; font-family: ;\">Bater&iacute;a para todo tu d&iacute;a: Segu&iacute; con tu d&iacute;a sin detenerte a recargar.</p><p data-empty=\"true\"><br style=\"outline: 0px; list-style: none; font-family: ;\" open=\"\"></p><h2 open=\"\" style=\"outline: 0px; list-style: none;\"><em style=\"outline: 0px; list-style: none;\"><strong style=\"outline: 0px; list-style: none;\"><u>Pantalla</u></strong></em></h2><p open=\"\" style=\"outline: 0px; list-style: none; font-family: ;\">El <strong style=\"outline: 0px; list-style: none;\">Moto G</strong> tiene una pantalla HD de 5 pulgadas: Con la n&iacute;tida pantalla HD de 5 pulgadas, obten el m&aacute;ximo de cada foto, cada v&iacute;deo y cada juego.</p><p data-empty=\"true\"><br style=\"outline: 0px; list-style: none; font-family: ;\" open=\"\"></p><h2 open=\"\" style=\"outline: 0px; list-style: none;\"><em style=\"outline: 0px; list-style: none;\"><strong style=\"outline: 0px; list-style: none;\"><u>Conectividad</u></strong></em></h2><p open=\"\" style=\"outline: 0px; list-style: none; font-family: ;\">Velocidad 4G / 4G LTE: Navega en internet, transmit&iacute; m&uacute;sica, juga y&nbsp;mira&nbsp;v&iacute;deos&nbsp;a gran velocidad.<br style=\"outline: 0px; list-style: none;\"><br style=\"outline: 0px; list-style: none;\">Como cualquier smartphone, si compras un <a href=\"http://www.fravega.com/smart-tv\" style=\"outline: 0px; list-style: none;\">Smart TV</a> o un dongle estilo Chromecast, vas a poder disfrutar tus contenidos de tu celular en tu TV.</p><h2 open=\"\" style=\"outline: 0px; list-style: none;\"><em style=\"outline: 0px; list-style: none;\"><strong style=\"outline: 0px; list-style: none;\"><u>Caracter&iacute;sticas especiales</u></strong></em></h2><p open=\"\" style=\"outline: 0px; list-style: none; font-family: ;\">Resistencia avanzada al agua. La protecci&oacute;n de categor&iacute;a IPX7 mantiene tu tel&eacute;fono a salvo de salpicaduras y ca&iacute;das accidentales al agua.*<br style=\"outline: 0px; list-style: none;\"><br style=\"outline: 0px; list-style: none;\">*Dise&ntilde;ado para resistir inmersiones de hasta 1 metro (3 pies) de profundidad durante un m&aacute;ximo de 30 minutos, siempre que la cubierta trasera est&eacute; bien sellada. No est&aacute; dise&ntilde;ado para funcionar bajo el agua. No lo uses al nadar ni lo expongas a corrientes de agua con presi&oacute;n. No es a prueba de polvo. Consulta <a href=\"http://motorola.com\" target=\"_blank\" title=\"Página web Motorola\">Motorola.com</a> para obtener detalles.</p>', '2', 3, 7000, 48, NULL, '59e30a9e84812', NULL, 0, '2017-10-20 07:17:00', '2017-10-21 03:22:22'),
(2, 'Celular Libre Samsung Galaxy J5 2016 Black', '<p><span style=\"font-size: 14px; font-family: Verdana, Geneva, sans-serif;\">Pura elegancia</span></p><p><span style=\"font-size: 14px;\"><span style=\"font-family: Verdana,Geneva,sans-serif;\">Elegancia y robustez a partes iguales. Su marco met&aacute;lico proteger&aacute; tu Smartphone para que puedas admirar la belleza de tu Galaxy J5 por m&aacute;s tiempo.</span></span></p><p><span style=\"font-size: 14px;\"><span style=\"font-family: Verdana,Geneva,sans-serif;\">Con luz propia</span></span></p><div><span style=\"font-size: 14px; font-family: Verdana, Geneva, sans-serif;\">Disfruta de fotos lo m&aacute;s n&iacute;tidas posible incluso con poca luz, y todo gracias al objetivo luminoso F1.9 de su c&aacute;mara delantera y trasera. Y para que no te pierdas ning&uacute;n momento, accede a la c&aacute;mara haciendo doble clic en el bot&oacute;n de inicio.<br style=\"outline: 0px; list-style: none; font-size: 12px;\">Muestra siempre tu mejor cara<br style=\"outline: 0px; list-style: none; font-size: 12px;\">Con Galaxy J5 no tendr&aacute;s perfil malo. Gracias a su LED frontal y al modo belleza, siempre saldr&aacute;s perfecto. Adem&aacute;s, con el reconocimiento de saludo podr&aacute;s hacer el selfie perfecto en cuesti&oacute;n de segundos.<br style=\"outline: 0px; list-style: none; font-size: 12px;\">Mayor autonom&iacute;a<br style=\"outline: 0px; list-style: none; font-size: 12px;\">Disfruta de tu smartphone y sus aplicaciones de forma totalmente fluida por m&aacute;s tiempo gracias a su bater&iacute;a de gran duraci&oacute;n y el modo ultrahorro de energ&iacute;a.</span></div>', '2', 4, 4000, 36, NULL, NULL, NULL, 0, '2017-10-06 00:00:00', '2017-10-20 17:10:20'),
(3, 'Celular Libre SAMSUNG GALAXY J7 4G negro', '<h2 open=\"\" style=\"outline: 0px; list-style: none; color: rgb(0, 0, 0); font-family: ;\"><em style=\"outline: 0px; list-style: none;\"><strong style=\"outline: 0px; list-style: none;\">Pantalla</strong></em>&nbsp;</h2><h2 open=\"\" style=\"outline: 0px; list-style: none; color: rgb(0, 0, 0); font-family: ;\"><u>Experimenta Galaxy &nbsp;J7</u></h2><p open=\"\" style=\"outline: 0px; list-style: none; font-family: ;\">El nuevo <strong style=\"outline: 0px; list-style: none;\">Samsung J7</strong> te dar&aacute; una Incre&iacute;ble funcionalidad en tus manos. Disfruta excelentes fotos y videos en su cristalina <strong style=\"outline: 0px; list-style: none;\">pantalla Super AMOLED 5.5&rdquo;</strong>, desempe&ntilde;o sobresaliente y vers&aacute;tiles c&aacute;maras.</p><p data-empty=\"true\"><br style=\"outline: 0px; list-style: none; font-family: ;\" open=\"\"></p><h2 open=\"\" style=\"outline: 0px; list-style: none; color: rgb(0, 0, 0); font-family: ;\"><u>Una gran experiencia visual</u></h2><p open=\"\" style=\"outline: 0px; list-style: none; font-family: ;\">Con su pantalla Super AMOLED, el nuevo <strong style=\"outline: 0px; list-style: none;\">Samsung&nbsp;Galaxy J7</strong> te permite disfrutar de contenido v&iacute;vido y enriquecido como nunca antes. Ahora es posible ver fotos, videos o jugar con colores cercanos a la realidad y con un contraste mejorado para lograr negros m&aacute;s intensos.</p><p open=\"\" style=\"outline: 0px; list-style: none; font-family: ;\"><br></p><h2 open=\"\" style=\"outline: 0px; list-style: none; color: rgb(0, 0, 0); font-family: ;\"><em style=\"outline: 0px; list-style: none;\"><strong style=\"outline: 0px; list-style: none;\">C&aacute;mara</strong></em></h2><h2 open=\"\" style=\"outline: 0px; list-style: none; color: rgb(0, 0, 0); font-family: ;\"><u>C&aacute;mara mejorada</u></h2><p open=\"\" style=\"outline: 0px; list-style: none; font-family: ;\">Con tu <strong style=\"outline: 0px; list-style: none;\">Samsung J7</strong> obtendr&aacute;s fotos y videos m&aacute;s brillantes y n&iacute;tidos gracias a la c&aacute;mara trasera de 13 MP y apertura focal F1.9, que tienen los <strong style=\"outline: 0px; list-style: none;\">Galaxy Serie J</strong>. El valor agregado de este smartphone es que posee&nbsp;flash en la c&aacute;mara frontal, que te permitir&aacute;&nbsp;hacer brillantes capturas incluso en condiciones de poca luz.</p><p data-empty=\"true\"><br style=\"outline: 0px; list-style: none; font-family: ;\" open=\"\"></p><h2 open=\"\" style=\"outline: 0px; list-style: none; color: rgb(0, 0, 0); font-family: ;\"><em style=\"outline: 0px; list-style: none;\"><strong style=\"outline: 0px; list-style: none;\">Rendimiento</strong></em></h2><h2 open=\"\" style=\"outline: 0px; list-style: none; color: rgb(0, 0, 0); font-family: ;\"><u>Gran desempe&ntilde;o</u></h2><p open=\"\" style=\"outline: 0px; list-style: none; font-family: ;\">R&aacute;pida navegaci&oacute;n web, videojuegos, video HD y &aacute;gil multitarea gracias al poderoso procesador de Samsung Galaxy J7.</p><p data-empty=\"true\"><br style=\"outline: 0px; list-style: none; font-family: ;\" open=\"\"></p><h2 open=\"\" style=\"outline: 0px; list-style: none; color: rgb(0, 0, 0); font-family: ;\"><u>Mayor bater&iacute;a</u></h2><p open=\"\" style=\"outline: 0px; list-style: none; font-family: ;\">Saca el m&aacute;ximo provecho de Galaxy Serie J con su bater&iacute;a de alta capacidad. Pel&iacute;culas, m&uacute;sica, juegos o navegar en Internet por m&aacute;s tiempo.</p>', '2', 4, 4600, 28, NULL, NULL, NULL, 0, '2017-10-06 00:00:00', '2017-10-20 17:10:20'),
(4, 'Celular Libre HUAWEI P8 LITE negro', '<pre style=\"outline: 0px; list-style: none; color: rgb(0, 0, 0);\"><u><strong>Dise&ntilde;o minimalista</strong></u></pre><p style=\"outline: 0px; list-style: none; font-size: 12px;\">Con una superficie lisa, un grosor de tan solo 7.7 mm y unas l&iacute;neas impecables, Huawei P8 lite se adapta perfectamente a la palma de tu mano. Huawei P8 lite integra un dise&ntilde;o conceptual sin excesivos componentes curvos eliminando, por ejemplo, la protuberancia de la c&aacute;mara y obteniendo una superficie lisa y una sensaci&oacute;n elegante.</p><p data-empty=\"true\"><br style=\"outline: 0px; list-style: none; font-size: 12px;\"></p><h2 style=\"outline: 0px; list-style: none; color: rgb(0, 0, 0);\"><strong><u>Fotograf&iacute;as para enmarcar</u></strong></h2><p style=\"outline: 0px; list-style: none; font-size: 12px;\">El P8 lite tiene excepcionales capacidades fotogr&aacute;ficas gracias a su c&aacute;mara de 13 Mp y sus especificaciones profesionales.<br style=\"outline: 0px; list-style: none;\"><br style=\"outline: 0px; list-style: none;\">Cuenta con una fant&aacute;stica c&aacute;mara frontal de 5 Mp por lo que podr&aacute;s tomar fotograf&iacute;as con una calidad excelente en ambos sentidos, y tus selfies te quedar&aacute;n perfectos.</p><p data-empty=\"true\"><br style=\"outline: 0px; list-style: none; font-size: 12px;\"></p><h2 style=\"outline: 0px; list-style: none; color: rgb(0, 0, 0);\"><strong><u>Haz brillar tus selfies</u></strong></h2><p style=\"outline: 0px; list-style: none;\"><span style=\"font-size: 12px;\">El arte de hacer selfies evoluciona a un nuevo nivel con el modo Mejorar Selfie, reconoce autom&aacute;ticamente el rostro del usuario aplicando un efecto de embellecimiento&nbsp;pre-configurado, mientras que los dem&aacute;s rostros aparecen en la imagen de un modo est&aacute;ndar.</span><br style=\"outline: 0px; list-style: none;\"><br style=\"outline: 0px; list-style: none;\"><span style=\"font-size: 12px;\">Esta funci&oacute;n resalta el encanto &uacute;nico del usuario que hace, de cada selfie, un recuerdo que guardar.</span></p><p data-empty=\"true\"><br style=\"outline: 0px; list-style: none; font-size: 12px;\"></p><h2 style=\"outline: 0px; list-style: none; color: rgb(0, 0, 0);\"><strong><u>Fotograf&iacute;as brillantes d&iacute;a y noche</u></strong></h2><p style=\"outline: 0px; list-style: none; font-size: 12px;\">Captura fotograf&iacute;as extraordinarias en condiciones de baja luminosidad, con una precisi&oacute;n y claridad extraordinaria.<br style=\"outline: 0px; list-style: none;\"><br style=\"outline: 0px; list-style: none;\">Los detalles son n&iacute;tidos, los colores brillantes y cada fotograf&iacute;a se ve natural, incluso en las condiciones m&aacute;s dif&iacute;ciles. Adem&aacute;s Huawei P8 lite, incorpora un flash de doble color que permite tomar fotograf&iacute;as de retratos sin el efecto de ojos rojos y proporciona una luz flash m&aacute;s natural.</p><p><strong><u><br style=\"outline: 0px; list-style: none;\"></u></strong></p><h2 style=\"outline: 0px; list-style: none; color: rgb(0, 0, 0);\"><strong><u>Velocidad m&aacute;xima en tu celular</u></strong></h2><p data-empty=\"true\"><br style=\"outline: 0px; list-style: none; font-size: 12px;\"></p><p style=\"outline: 0px; list-style: none; font-size: 12px;\">Gracias a un procesador de ocho n&uacute;cleos Kirin 620 de 64 bit, Huawei P8 lite proporciona una conexi&oacute;n 4G ultra r&aacute;pida y una velocidad de descarga de 150 Mbps.<br style=\"outline: 0px; list-style: none;\"><br style=\"outline: 0px; list-style: none;\">Si a esto a&ntilde;adimos una memoria RAM de 2GB y un almacenamiento de 16GB y microSD, no tendr&aacute;s problemas para instalar cualquier aplicaci&oacute;n o jugar a cualquier juego.</p>', '2', 5, 5800, 13, NULL, NULL, NULL, 0, '2017-10-06 00:00:00', '2017-10-20 17:10:20'),
(5, 'Celular Libre MOTOROLA MOTO E 4G LTE XT1527', '<p style=\"margin-top: 10px; margin-bottom: 10px; line-height: 19px; font-size: 13px;\">El <strong>Motorola Moto E 2015 4G XT1527</strong> es un <strong>m&oacute;vil Android</strong> bueno con procesador de 1200Mhz e 4-cores que permite ejecutar juegos y aplicaciones pesadas.</p><p style=\"margin-top: 10px; margin-bottom: 10px; line-height: 19px; font-size: 13px;\">Con una ranura para tarjeta SIM, el Motorola Moto E 2015 4G XT1527 permite download hasta 150 Mbps para la navegaci&oacute;n por Internet, pero esto tambi&eacute;n depende del operador m&oacute;vil.</p><p style=\"margin-top: 10px; margin-bottom: 10px; line-height: 19px; font-size: 13px;\">Buena conectividad de este terminal que incluye Bluetooth Versi&oacute;n 4.0 con A2DP, Wi-Fi 802.11 b/g/n, pero carece de conexi&oacute;n NFC.</p><p style=\"margin-top: 10px; margin-bottom: 10px; line-height: 19px; font-size: 13px;\">Terminal con 145 gramos incluyendo la bater&iacute;a. El m&oacute;vil Motorola Moto E 2015 4G XT1527 es relativamente delgado con 12,3 mm de espesor.</p>', '2', 3, 3400, 45, NULL, NULL, NULL, 0, '2017-10-06 00:00:00', '2017-10-20 17:10:20'),
(6, 'Celular Libre ADMIRAL 410', '<div><strong><u>Pantalla</u></strong></div><p>Pantalla de 4 pulgadas</p><p>Tipo de pantalla WVGA IPS</p><p>Resoluci&oacute;n&nbsp;de pantalla 800 x 480</p><div><strong><u>Sistema<br style=\"outline: 0px; list-style: none;\"></u></strong>Procesador&nbsp;MTK6572M Dual core 1.0 GHZ<br style=\"outline: 0px; list-style: none;\"><span style=\"font-family: verdana;\">Sistema operativo Android KitKat 4.4.2</span><br>Memoria RAM 512 MB<br style=\"outline: 0px; list-style: none;\">Memoria interna 4 GB<br style=\"outline: 0px; list-style: none;\">Expandible a 32 GB</div><div><strong><u>Especif&iacute;caciones</u></strong><br style=\"outline: 0px; list-style: none;\">Dimensiones 125.8 x 65.3 x 9.95 mm<br style=\"outline: 0px; list-style: none;\">Peso 133g<br style=\"outline: 0px; list-style: none;\">Camara (Delantera/Trasera) 0.3 Mp + 5 Mp<br style=\"outline: 0px; list-style: none;\">Bateria 1500mAh<br style=\"outline: 0px; list-style: none;\">Wifi Si<br style=\"outline: 0px; list-style: none;\">Bluetooth Si<br style=\"outline: 0px; list-style: none;\">3G Si<br style=\"outline: 0px; list-style: none;\">Bandas GSM 850/900/1800/1900Mhz<br style=\"outline: 0px; list-style: none;\">WCDMA 850/1900<br style=\"outline: 0px; list-style: none;\">LTE No<br style=\"outline: 0px; list-style: none;\">Dual sim Si<br style=\"outline: 0px; list-style: none;\">Puerto Micro USB<br style=\"outline: 0px; list-style: none;\">Sensores G-Sensors:L-Sensors;proximity Sensors<br style=\"outline: 0px; list-style: none;\">GPS Si<br style=\"outline: 0px; list-style: none;\">Audio 3.5 mm</div>', '2', 6, 3000, 16, NULL, NULL, NULL, 0, '2017-10-06 00:00:00', '2017-10-20 17:10:20'),
(7, 'Celular Libre MOTOROLA MOTO X PLAY', '<p><span itemprop=\"description\">El <strong>Motorola Moto X Play</strong> posee una pantalla 1080p de 5.5 pulgadas, procesador octa-core Snapdragon 615 a 1.7GHz, 2GB de RAM, 16GB o 32GB de almacenamiento expandible v&iacute;a microSD, bater&iacute;a de 3630 mAh, c&aacute;mara de 21 megapixels con flash LED dual, c&aacute;mara frontal de 5 megapixels y corre Android 5.1 Lollipop.</span></p><div><span itemprop=\"description\"><div class=\"specifications_title specifications-summary-title\" style=\"line-height: 38px; margin-top: 40px; margin-bottom: 30px;\"><div class=\"field field-name-field-specifications-title field-type-text field-label-hidden\"><div class=\"field-items\"><div class=\"field-item even\">Especificaciones</div></div></div></div><div class=\"specifications-summary-list\" style=\"font-size: 12px;\"><div class=\"specifications-summary-wrapper\"><div class=\"field field-name-field-specifications-summary-lft field-type-text-long field-label-hidden\" style=\"float: none; width: 317.984px; display: inline-block; vertical-align: top;\"><div class=\"field-items\"><div class=\"field-item even\"><h5 style=\"line-height: 20px; margin-top: 10px; margin-bottom: 5px; font-size: 14px;\">Bater&iacute;a para 2 d&iacute;as</h5><p style=\"margin-bottom: 10px;\">Segu&iacute; hasta dos d&iacute;as enteros sin detenerte a recargar<span style=\"font-size: 9px; line-height: 0; position: relative; vertical-align: baseline; top: -0.5em;\">*</span></p><h5 style=\"line-height: 20px; margin-top: 10px; margin-bottom: 5px; font-size: 14px;\">C&aacute;mara de 21 MP</h5><p style=\"margin-bottom: 10px;\">Captur&aacute; im&aacute;genes claras, incluso con poca luz</p><h5 style=\"line-height: 20px; margin-top: 10px; margin-bottom: 5px; font-size: 14px;\">Pantalla full HD de 5,5&rdquo;</h5><p>Mir&aacute; im&aacute;genes y videos con nitidez</p></div></div></div>&nbsp; &nbsp; &nbsp;<div class=\"field field-name-field-specifications-summary-rgt field-type-text-long field-label-hidden\" style=\"float: none; width: 317.984px; display: inline-block; vertical-align: top; margin-left: 58.6406px;\"><div class=\"field-items\"><div class=\"field-item even\"><h5 style=\"line-height: 20px; margin-top: 10px; margin-bottom: 5px; font-size: 14px;\">Recubrimiento que repele el agua</h5><p style=\"margin-bottom: 10px;\">Nunca permitas que derrames, salpicaduras o algo de lluvia se interpongan en tu camino<span style=\"font-size: 9px; line-height: 0; position: relative; vertical-align: baseline; top: -0.5em;\">&dagger;</span></p><h5 style=\"line-height: 20px; margin-top: 10px; margin-bottom: 5px; font-size: 14px;\">Experiencia Android&trade; pura y software fant&aacute;stico</h5><p>Disfrut&aacute; Android sin aplicaciones adicionales y con un software que aprende c&oacute;mo ayudarte</p></div></div></div></div></div></span></div>', '2', 3, 8900, 27, NULL, NULL, NULL, 0, '2017-10-06 00:00:00', '2017-10-20 17:10:20'),
(8, 'Celular Libre SAMSUNG GRAND PRIME WHITE 4G', '<div><strong><u>Dise&ntilde;o</u></strong></div><div>El Samsung Galaxy Grand Prime pesa 156 g y tiene un grosor de 8.6 mm, mientras que mide 144.8 mm de alto y 72.1 mm de ancho.</div><div><br></div><div><strong><u>Pantalla</u></strong></div><div>El Samsung Galaxy Grand Prime tiene un tama&ntilde;o de pantalla de 5 pulgadas, con una resoluci&oacute;n de 540x960. La pantalla es de tipo TFT. Tiene una densidad de p&iacute;xeles de 220 ppp.</div><div><br></div><div><strong><u>Hardware y rendimiento</u></strong></div><div>El Samsung Galaxy Grand Prime trabaja con un cpu Cortex A53 de 4 n&uacute;cleos que alcanza una velocidad de reloj de 1.2 GHz. M&aacute;s caracter&iacute;sticas t&eacute;cnicas: en el apartado de memoria, contamos con 1.5 GB de memoria RAM y 8 GB para almacenamiento de archivos, apps y datos. La memoria de almacenamiento se puede ampliar v&iacute;a microSD.</div><div><br></div><div><strong><u>Software</u></strong></div><div>El Samsung Galaxy Grand Prime cuenta con Android como sistema operativo, y en su lanzamiento corre la versi&oacute;n 4.4.2.</div><div><br></div><div><strong><u>C&aacute;mara</u></strong></div><div>La c&aacute;mara trasera del Galaxy Grand Prime tiene una resoluci&oacute;n de 8 megap&iacute;xeles. Cuenta con LED Flash. Adem&aacute;s, puede grabar v&iacute;deo Full HD 1080p. El Galaxy Grand Prime tambi&eacute;n cuenta con c&aacute;mara frontal, de 5 megap&iacute;xeles.</div><div><br></div><div><strong><u>Bater&iacute;a</u></strong></div><div>Adem&aacute;s, ten en cuenta que la bater&iacute;a es extra&iacute;ble, por lo que puedes intercambiarla por una de repuesto en cualquier momento. La capacidad de la bater&iacute;a del Galaxy Grand Prime es de 2600 mAh.</div><div><br></div><div><strong><u>Conectividad</u></strong></div><div>NFC S&Iacute;</div><div>Bluetooth v4.0, A2DP</div><div>WiFi 802.11 b/g/n</div><div>USB microUSB v2.0</div><div>Carga inal&aacute;mbrica NO</div><div>Tipo de tarjeta SIM microsim</div><div>Dual Sim S&Iacute;</div><div>Redes 2G (GSM) 850 / 900 / 1800 / 1900</div><div>Redes 3G (HSDPA) 850 / 900 / 1900 / 2100</div><div>Redes 4G (LTE) 2100</div><div><span style=\"color: rgb(26, 26, 26);\">Samsung Galaxy Grand Prime utiliza una tarjeta microsim. Es adem&aacute;s Dual SIM, por lo que puedes utilizar dos tarjetas al mismo tiempo. Este</span><span style=\"-webkit-font-smoothing: antialiased; color: rgb(26, 26, 26);\">Samsung&nbsp;Galaxy Grand Prime</span><span style=\"color: rgb(26, 26, 26);\">&nbsp;es compatible con las redes 4G en Espa&ntilde;a. Cuenta tambi&eacute;n con conexi&oacute;n NFC</span></div>', '2', 4, 12000, 10, NULL, NULL, NULL, 0, '2017-10-06 00:00:00', '2017-10-20 17:10:20'),
(9, 'Celular Libre HUAWEI G8 DORADO', '<div><strong><u>Dise&ntilde;o</u></strong></div><div>El Huawei G8 pesa 167 g y tiene un grosor de 7.50 mm, mientras que mide 152.00 mm de alto y 76.50 mm de ancho.</div><div><br></div><div><strong><u>Pantalla</u></strong></div><div>El Huawei G8 cuenta con una pantalla IPS de 5.5 pulgadas, con resoluci&oacute;n 1920x1080. Alcanza una densidad de p&iacute;xeles de 401 ppp. Adem&aacute;s, cuenta con protecci&oacute;n Corning Gorilla Glass 2.5 contra ara&ntilde;azos y golpes.</div><div><br></div><div><strong><u>Hardware y rendimiento</u></strong></div><div>El Huawei G8 cuenta con 3 GB de memoria RAM y 32 GB para almacenamiento de apps, v&iacute;deos, fotos y datos en general. Completando sus caracter&iacute;sticas t&eacute;cnicas, en sus tripas encontraremos un procesador Cortex A53 de 4 n&uacute;cleos a 1.50 GHz de velocidad. La memoria de almacenamiento se puede ampliar v&iacute;a microSD.</div><div><br></div><div><strong><u>Software</u></strong></div><div>El Huawei G8 corre la versi&oacute;n 5.1.1 Lollipop de Android.</div><div><br></div><div><strong><u>C&aacute;mara</u></strong></div><div>En el G8 contamos con una c&aacute;mara principal &ndash;o trasera- con una resoluci&oacute;n de 13.0 megap&iacute;xeles. Es capaz de grabar v&iacute;deo Full HD 1080p. Adem&aacute;s, contamos tambi&eacute;n con c&aacute;mara frontal o secundaria , que tiene una resoluci&oacute;n de 5.0 megap&iacute;xeles.</div><div><br></div><div><strong><u>Bater&iacute;a</u></strong></div><div>La bater&iacute;a no es extra&iacute;ble, por lo que no puedes reemplazarla si se desgasta o estropea. La capacidad de la bater&iacute;a del G8 es de 3000 mAh.</div><div><strong><u><br></u></strong></div><div><strong><u>Conectividad</u></strong></div><div>NFC S&Iacute;</div><div>Bluetooth v4.0, A2DP</div><div>WiFi v4.1, A2DP, EDR, LE</div><div>USB microUSB v2.0</div><div>Carga inal&aacute;mbrica NO</div><div>Tipo de tarjeta SIM nanosim</div><div>Dual Sim S&Iacute;</div><div>Dual SIM 4G S&Iacute;</div><div>Redes 2G (GSM) 850 / 900 / 1800 / 1900</div><div>Redes 3G (HSDPA) 850 / 900 / 2100</div><div>Redes 4G (LTE) 800 / 850 / 900 / 1800 / 2100 / 2600 / 2300 / 2600 / 700</div><div><br></div><div>En cuanto a conectividad, y adem&aacute;s de las especificaciones t&eacute;cnicas que tienes a la izquierda, podemos contarte que el Huawei G8 utiliza una tarjeta nanosim. Es adem&aacute;s Dual SIM, por lo que puedes utilizar dos tarjetas al mismo tiempo. Es adem&aacute;s Dual SIM 4G, por lo que puedes utilizar dos tarjetas con datos 4G al mismo tiempo. Este Huawei G8 es compatible con las redes 4G en Espa&ntilde;a. Cuenta tambi&eacute;n con conexi&oacute;n NFC.</div>', '2', 5, 21000, 13, NULL, NULL, NULL, 0, '2017-10-06 00:00:00', '2017-10-20 17:10:20'),
(11, 'Celular Libre SAMSUNG GALAXY NOTE 5 PLATEADO', '<div style=\"border: 0px; font-variant-numeric: inherit; font-stretch: inherit; line-height: inherit; vertical-align: baseline; outline: none; color: rgb(51, 51, 51);\"><b style=\"border: 0px; font-style: inherit; font-variant: inherit; font-stretch: inherit; line-height: inherit; vertical-align: baseline; outline: none;\">Fotos &uacute;nicas</b></div><div style=\"border: 0px; font-variant-numeric: inherit; font-stretch: inherit; line-height: inherit; vertical-align: baseline; outline: none; color: rgb(51, 51, 51);\">Captura<b style=\"border: 0px; font-style: inherit; font-variant: inherit; font-stretch: inherit; line-height: inherit; vertical-align: baseline; outline: none;\">&nbsp;im&aacute;genes incre&iacute;bles</b> incluso en condiciones de poca luz &nbsp;gracias a los 13 megap&iacute;xeles de la c&aacute;mara, el flash y la lente ultrar&aacute;pida. Adem&aacute;s obtene las mejores<b style=\"border: 0px; font-style: inherit; font-variant: inherit; font-stretch: inherit; line-height: inherit; vertical-align: baseline; outline: none;\">selfies</b> con la c&aacute;mara frontal de 5 megap&iacute;xeles.</div><div style=\"border: 0px; font-variant-numeric: inherit; font-stretch: inherit; line-height: inherit; vertical-align: baseline; outline: none; color: rgb(51, 51, 51);\"><br></div><div style=\"border: 0px; font-variant-numeric: inherit; font-stretch: inherit; line-height: inherit; vertical-align: baseline; outline: none; color: rgb(51, 51, 51);\"><b style=\"border: 0px; font-style: inherit; font-variant: inherit; font-stretch: inherit; line-height: inherit; vertical-align: baseline; outline: none;\">Bater&iacute;a para todo el d&iacute;a</b></div><div style=\"border: 0px; font-variant-numeric: inherit; font-stretch: inherit; line-height: inherit; vertical-align: baseline; outline: none; color: rgb(51, 51, 51);\">La bater&iacute;a de 2470 mA de tu <b style=\"border: 0px; font-style: inherit; font-variant: inherit; font-stretch: inherit; line-height: inherit; vertical-align: baseline; outline: none;\">Moto G 3ra Generaci&oacute;n</b> te permite disfrutarlo al m&aacute;ximo en todo momento y lugar y llegar a casa a&uacute;n con carga suficiente.</div><div style=\"border: 0px; font-variant-numeric: inherit; font-stretch: inherit; line-height: inherit; vertical-align: baseline; outline: none; color: rgb(51, 51, 51);\"><br></div><div style=\"border: 0px; font-variant-numeric: inherit; font-stretch: inherit; line-height: inherit; vertical-align: baseline; outline: none; color: rgb(51, 51, 51);\"><b style=\"border: 0px; font-style: inherit; font-variant: inherit; font-stretch: inherit; line-height: inherit; vertical-align: baseline; outline: none;\">Todo Terreno</b></div><div style=\"border: 0px; font-variant-numeric: inherit; font-stretch: inherit; line-height: inherit; vertical-align: baseline; outline: none; color: rgb(51, 51, 51);\">Disfruta de tu <b style=\"border: 0px; font-style: inherit; font-variant: inherit; font-stretch: inherit; line-height: inherit; vertical-align: baseline; outline: none;\">Moto</b><b style=\"border: 0px; font-style: inherit; font-variant: inherit; font-stretch: inherit; line-height: inherit; vertical-align: baseline; outline: none;\">rola</b><b style=\"border: 0px; font-style: inherit; font-variant: inherit; font-stretch: inherit; line-height: inherit; vertical-align: baseline; outline: none;\">&nbsp;G</b> al m&aacute;ximo gracias a la clasificaci&oacute;n IPX7 de <b style=\"border: 0px; font-style: inherit; font-variant: inherit; font-stretch: inherit; line-height: inherit; vertical-align: baseline; outline: none;\">resistencia al agua</b> que lo protege contra salpicaduras. Adem&aacute;s la <b style=\"border: 0px; font-style: inherit; font-variant: inherit; font-stretch: inherit; line-height: inherit; vertical-align: baseline; outline: none;\">pantalla</b> Corning <b style=\"border: 0px; font-style: inherit; font-variant: inherit; font-stretch: inherit; line-height: inherit; vertical-align: baseline; outline: none;\">Gorilla Glass</b>\n<b style=\"border: 0px; font-style: inherit; font-variant: inherit; font-stretch: inherit; line-height: inherit; vertical-align: baseline; outline: none;\">cuida</b> a tu celular de rayaduras y marcas.</div><div style=\"border: 0px; font-variant-numeric: inherit; font-stretch: inherit; line-height: inherit; vertical-align: baseline; outline: none; color: rgb(51, 51, 51);\"><br></div><div style=\"border: 0px; font-variant-numeric: inherit; font-stretch: inherit; line-height: inherit; vertical-align: baseline; outline: none; color: rgb(51, 51, 51);\"><b style=\"border: 0px; font-style: inherit; font-variant: inherit; font-stretch: inherit; line-height: inherit; vertical-align: baseline; outline: none;\">Pantalla HD con colores reales </b></div><div style=\"border: 0px; font-variant-numeric: inherit; font-stretch: inherit; line-height: inherit; vertical-align: baseline; outline: none; color: rgb(51, 51, 51);\">Viv&iacute; los <b style=\"border: 0px; font-style: inherit; font-variant: inherit; font-stretch: inherit; line-height: inherit; vertical-align: baseline; outline: none;\">colores reales</b> de tus <b style=\"border: 0px; font-style: inherit; font-variant: inherit; font-stretch: inherit; line-height: inherit; vertical-align: baseline; outline: none;\">fotos y videos</b> en todo tipo de condiciones de luz, incluso al <b style=\"border: 0px; font-style: inherit; font-variant: inherit; font-stretch: inherit; line-height: inherit; vertical-align: baseline; outline: none;\">aire libre.</b></div><div style=\"border: 0px; font-variant-numeric: inherit; font-stretch: inherit; line-height: inherit; vertical-align: baseline; outline: none; color: rgb(51, 51, 51);\"><br></div><div style=\"border: 0px; font-variant-numeric: inherit; font-stretch: inherit; line-height: inherit; vertical-align: baseline; outline: none; color: rgb(51, 51, 51);\"><b style=\"border: 0px; font-style: inherit; font-variant: inherit; font-stretch: inherit; line-height: inherit; vertical-align: baseline; outline: none;\">Memoria expandible</b>&nbsp;</div><div style=\"border: 0px; font-variant-numeric: inherit; font-stretch: inherit; line-height: inherit; vertical-align: baseline; outline: none; color: rgb(51, 51, 51);\">Si la memoria interna de 8GB no es suficiente para todos tus contenidos podes expandir la memoria <b style=\"border: 0px; font-style: inherit; font-variant: inherit; font-stretch: inherit; line-height: inherit; vertical-align: baseline; outline: none;\">hasta 32 GB</b> y almacenar m&aacute;s fotos, m&uacute;sica y videos.&nbsp;</div><div style=\"border: 0px; font-variant-numeric: inherit; font-stretch: inherit; line-height: inherit; vertical-align: baseline; outline: none; color: rgb(51, 51, 51);\"><b style=\"border: 0px; font-style: inherit; font-variant: inherit; font-stretch: inherit; line-height: inherit; vertical-align: baseline; outline: none;\"><br></b></div><div style=\"border: 0px; font-variant-numeric: inherit; font-stretch: inherit; line-height: inherit; vertical-align: baseline; outline: none; color: rgb(51, 51, 51);\"><b style=\"border: 0px; font-style: inherit; font-variant: inherit; font-stretch: inherit; line-height: inherit; vertical-align: baseline; outline: none;\">Velocidad de Internet </b></div><div style=\"border: 0px; font-variant-numeric: inherit; font-stretch: inherit; line-height: inherit; vertical-align: baseline; outline: none; color: rgb(51, 51, 51);\">Con <b style=\"border: 0px; font-style: inherit; font-variant: inherit; font-stretch: inherit; line-height: inherit; vertical-align: baseline; outline: none;\">4G</b> podes navegar, escuchar musica y ver videos online a gran <b style=\"border: 0px; font-style: inherit; font-variant: inherit; font-stretch: inherit; line-height: inherit; vertical-align: baseline; outline: none;\">velocidad de internet </b>con una calidad incre&iacute;ble y sin interrupciones.&nbsp;</div><div style=\"border: 0px; font-variant-numeric: inherit; font-stretch: inherit; line-height: inherit; vertical-align: baseline; outline: none; color: rgb(51, 51, 51);\"><br></div><div style=\"border: 0px; font-variant-numeric: inherit; font-stretch: inherit; line-height: inherit; vertical-align: baseline; outline: none; color: rgb(51, 51, 51);\"><b style=\"border: 0px; font-style: inherit; font-variant: inherit; font-stretch: inherit; line-height: inherit; vertical-align: baseline; outline: none;\">Tu estilo</b></div><div style=\"border: 0px; font-variant-numeric: inherit; font-stretch: inherit; line-height: inherit; vertical-align: baseline; outline: none; color: rgb(51, 51, 51);\">Con las <b style=\"border: 0px; font-style: inherit; font-variant: inherit; font-stretch: inherit; line-height: inherit; vertical-align: baseline; outline: none;\">carcasas intercambiables</b> eleg&iacute; tu color favorito y dale a tu celular un <b style=\"border: 0px; font-style: inherit; font-variant: inherit; font-stretch: inherit; line-height: inherit; vertical-align: baseline; outline: none;\">toque personal y &uacute;nico. </b></div>', '2', 4, 5430, 14, NULL, NULL, NULL, 0, '2017-10-06 00:00:00', '2017-10-20 17:10:20'),
(12, 'Celular Libre LG NEXUS 5X LGH791 Negro', '<h3 style=\"-webkit-font-smoothing: antialiased; margin-bottom: 15px; line-height: 20px; clear: both; color: rgb(26, 26, 26);\"><strong><u>Dise&ntilde;o y pantalla</u></strong></h3><p style=\"-webkit-font-smoothing: antialiased; margin-bottom: 15px; line-height: 20px; color: rgb(26, 26, 26);\">El <span style=\"-webkit-font-smoothing: antialiased;\">Nexus 5X</span> cuenta con un exterior compacto, bastante similar a su predecesor, y posee un grosor de 7,9 mm, as&iacute; como un peso de 136 gramos, lo que implica que es un dispositivo bastante ligero.</p><p style=\"-webkit-font-smoothing: antialiased; margin-bottom: 15px; line-height: 20px; color: rgb(26, 26, 26);\">La gran novedad de su dise&ntilde;o es que el m&oacute;vil cuenta con <span class=\"bold\" style=\"-webkit-font-smoothing: antialiased;\">lector de huellas </span>en la parte trasera, que nos permitir&aacute; desbloquear la pantalla con nuestro dedo, as&iacute; como utilizarlo para Android Pay.</p><p style=\"-webkit-font-smoothing: antialiased; margin-bottom: 15px; line-height: 20px; color: rgb(26, 26, 26);\">Viene con una pantalla IPS de <span class=\"bold\" style=\"-webkit-font-smoothing: antialiased;\">5,2 pulgadas con resoluci&oacute;n Full HD</span> (1.920 x 1.080 p&iacute;xeles), que supone una densidad de p&iacute;xeles 424 ppp. Gracias a ella podremos ver los contenidos a una calidad m&aacute;s que aceptable. El panel se encuentra protegido por un <span class=\"bold\" style=\"-webkit-font-smoothing: antialiased;\">Corning Gorilla Glass 3</span>, que le proteger&aacute; contra golpes y ara&ntilde;azos.</p><h3 style=\"-webkit-font-smoothing: antialiased; margin-bottom: 15px; line-height: 20px; clear: both; color: rgb(26, 26, 26);\"><strong><u>Hardware y conectividad</u></strong></h3><p style=\"-webkit-font-smoothing: antialiased; margin-bottom: 15px; line-height: 20px; color: rgb(26, 26, 26);\">En su interior monta un procesador <span class=\"bold\" style=\"-webkit-font-smoothing: antialiased;\">Qualcomm Snapdragon 808</span> de seis n&uacute;cleos funcionando a 1,8 GHz. Este chip, con arquitectura de 64 bits, nos es bastante familiar, ya que es el que incopor&oacute; LG a su buque insignia, el <a href=\"https://www.amazon.es/dp/B00WMPBRM6?tag=comphoy-21&camp=3634&creative=24822&linkCode=as4&creativeASIN=B00WMPBRM6&adid=0TQJDQRQP5BSFTCGT4Q4&\" rel=\"nofollow\" style=\"-webkit-font-smoothing: antialiased; background: transparent; text-decoration: underline; cursor: pointer; color: rgb(222, 2, 34); display: inline;\" target=\"_blank\">G4</a> y, por lo que hemos podido comprobar, est&aacute; dando muy buenos resultados.&nbsp;</p><p style=\"-webkit-font-smoothing: antialiased; margin-bottom: 15px; line-height: 20px; color: rgb(26, 26, 26);\">A este le acompa&ntilde;ar&aacute; una<span class=\"bold\" style=\"-webkit-font-smoothing: antialiased;\">&nbsp;Adreno 418 </span>para los gr&aacute;ficos y<span class=\"bold\" style=\"-webkit-font-smoothing: antialiased;\">&nbsp;2 GB de RAM</span>. Su memoria interna ser&aacute; de <span class=\"bold\" style=\"-webkit-font-smoothing: antialiased;\">16 &oacute; 32 GB</span>, dependiendo de las preferencias del usuario, pero no se podr&aacute; ampliar mediante microSD. Eso s&iacute;, tendremos la posibilidad ampliar la capacidad del terminal con un servicio de almacenamiento en la nube, como DropBox o Google Drive.</p><p style=\"-webkit-font-smoothing: antialiased; margin-bottom: 15px; line-height: 20px; color: rgb(26, 26, 26);\">Una de las <span style=\"-webkit-font-smoothing: antialiased;\">caracter&iacute;sticas por las que m&aacute;s destaca el Nexus 5X </span>es porque incorpora un USB Type-C reversible. &Eacute;ste se puede insertar en cualquier direcci&oacute;n, por lo que terminar&aacute; con d&eacute;cadas de frustraci&oacute;n a la hora de introducir al rev&eacute;s un USB en el m&oacute;vil. Adem&aacute;s es el doble de r&aacute;pido que los actuales, alcanzando velocidades de <span class=\"bold\" style=\"-webkit-font-smoothing: antialiased;\">10 Gbts/sg</span>. &nbsp;Por si fuera poco, el equipo vendr&aacute; con <span style=\"background-image: initial; background-position: initial; background-size: initial; background-repeat: initial; background-attachment: initial; background-origin: initial; background-clip: initial; cursor: pointer;\"><u>Quick Charge 2.0</u></span>, que permitir&aacute; cargar el equipo al 60% en s&oacute;lo 30 minutos.</p><p style=\"-webkit-font-smoothing: antialiased; margin-bottom: 15px; line-height: 20px; color: rgb(26, 26, 26);\">Tambi&eacute;n poseer&aacute; otro tipo de conexiones m&aacute;s b&aacute;sicas como <span class=\"bold\" style=\"-webkit-font-smoothing: antialiased;\">Bluetooth 4.1, NFC o GPS</span>.</p><h3 style=\"-webkit-font-smoothing: antialiased; margin-bottom: 15px; line-height: 20px; clear: both; color: rgb(26, 26, 26);\"><strong><u>C&aacute;mara y bater&iacute;a</u></strong></h3><p style=\"-webkit-font-smoothing: antialiased; margin-bottom: 15px; line-height: 20px; color: rgb(26, 26, 26); text-align: justify;\">La c&aacute;mara del <span style=\"-webkit-font-smoothing: antialiased;\">Nexus 5X</span><span class=\"bold\" style=\"-webkit-font-smoothing: antialiased;\">&nbsp;contar&aacute; con un sensor de 12,3 megap&iacute;xeles</span> con Flash LED Dual, con la que podremos realizar unas fotos decentes. Aunque, aparentemente, posee una resoluci&oacute;n m&aacute;s baja que la de otros terminales de gama alta, cuenta con p&iacute;xeles de <span class=\"bold\" style=\"-webkit-font-smoothing: antialiased;\">1,55 </span><span style=\"-webkit-font-smoothing: antialiased; border: 0px; outline: 0px; vertical-align: baseline; color: rgb(70, 69, 69); line-height: 19.5px;\">&micro;</span><span class=\"bold\" style=\"-webkit-font-smoothing: antialiased;\">m</span>, lo que implica que son m&aacute;s grandes de lo habitual y, por lo tanto, son capaces de capturar m&aacute;s cantidad de luz.</p><p style=\"-webkit-font-smoothing: antialiased; margin-bottom: 15px; line-height: 20px; color: rgb(26, 26, 26); text-align: justify;\">Esto mejorar&aacute; los resultados en condiciones de poca luz. Siguiendo la tendencia, el sensor cuenta con una <span class=\"bold\" style=\"-webkit-font-smoothing: antialiased;\">lente de apertura f/2.0, doble flash LED y es capaz de capturar v&iacute;deos en 4K</span>.&nbsp;</p><p style=\"-webkit-font-smoothing: antialiased; margin-bottom: 15px; line-height: 20px; color: rgb(26, 26, 26);\">Su frontal ser&aacute; de <span class=\"bold\" style=\"-webkit-font-smoothing: antialiased;\">5 megap&iacute;xeles con f/2.2</span>, perfecta para hacer selfies.&nbsp;</p><p style=\"-webkit-font-smoothing: antialiased; margin-bottom: 15px; line-height: 20px; color: rgb(26, 26, 26);\">Por su parte, la <span class=\"bold\" style=\"-webkit-font-smoothing: antialiased;\">bater&iacute;a del equipo ser&aacute; de 2.700 mAh</span>, que supondr&aacute; una autonom&iacute;a de un d&iacute;a completo, aproximadamente. Esto implica que cuenta con un 20% m&aacute;s de bater&iacute;a que el 5.</p>', '2', 1, 4000, 25, NULL, NULL, NULL, 0, '2017-10-06 00:00:00', '2017-10-20 17:10:20'),
(13, 'Celular Libre MICROSOFT LUMIA 640', '<h2 style=\"outline: 0px; list-style: none;\">Microsoft Lumia 640</h2><p style=\"outline: 0px; list-style: none;\">Nunca sab&eacute;s cu&aacute;ndo vas a tener tu pr&oacute;xima gran idea. Por eso, ahora pod&eacute;s estar listo para capturar ese momento de creatividad con un tel&eacute;fono que tiene todo lo necesario para convertir la inspiraci&oacute;n en acci&oacute;n.</p><p data-empty=\"true\"><br style=\"outline: 0px; list-style: none;\"></p><h2 style=\"outline: 0px; list-style: none; color: rgb(0, 0, 0);\"><strong><u>La vida m&aacute;s c&oacute;moda</u></strong></h2><p style=\"outline: 0px; list-style: none;\">Abr&iacute; la caja y prepar&aacute; a tu Microsoft Lumia 640 para disfrutar de toda la gama de servicios gratuitos de Microsoft que ya vienen incorporados y est&aacute;n listos para ser usados. Conectate con amigos y familiares a trav&eacute;s de Skype, aprovech&aacute; el acceso instant&aacute;neo a tus fotos y m&uacute;sica con OneDrive y edit&aacute; archivos con Microsoft Office donde quiera que est&eacute;s. Equilibrar tu vida laboral y personal, ahora es mucho m&aacute;s f&aacute;cil.</p><p data-empty=\"true\"><br style=\"outline: 0px; list-style: none;\"></p><h2 style=\"outline: 0px; list-style: none; color: rgb(0, 0, 0);\"><strong><u>Rendimiento generado por potencia</u></strong></h2><p style=\"outline: 0px; list-style: none;\">Toda la potencia que necesit&aacute;s, el Microsoft Lumia 640 funciona tan r&aacute;pido y en forma eficiente como vos. Con su procesador Qualcomm Snapdragon y Microsoft Office ya incorporados, te permite concentrarte mucho m&aacute;s en lo que est&aacute;s haciendo. Mantenete conectado y disfrutando de tu Lumia por m&aacute;s tiempo gracias a su gran bater&iacute;a de 2500 mAh.</p><p data-empty=\"true\"><br style=\"outline: 0px; list-style: none;\"></p><p><strong><u><br style=\"outline: 0px; list-style: none;\"></u></strong></p><h2 style=\"outline: 0px; list-style: none; color: rgb(0, 0, 0);\"><strong><u>Captur&aacute; tu mundo con claridad</u></strong></h2><p style=\"outline: 0px; list-style: none;\">&iquest;Quieres revivir tus momentos favoritos? Capt&uacute;ralos a todos con excelente calidad y facilidad con la aplicaci&oacute;n Lumia Camera y la c&aacute;mara posterior de 8 MP, luego c&aacute;rgalos a tu almacenamiento gratuito en nube OneDrive para recuperar el momento. Y con la c&aacute;mara frontal con un gran angular, deja que tu familia y amigos vean con mayor claridad tu entorno en tus videollamadas gratuitas de alta definici&oacute;n por Skype.</p><p data-empty=\"true\"><br style=\"outline: 0px; list-style: none; font-family: ;\" open=\"\"></p>', '2', 12, 2500, 117, NULL, NULL, NULL, 0, '2017-10-06 00:00:00', '2017-10-20 17:10:20'),
(14, 'Notebook COMPAQ 21-N121AR', '<h2 class=\"¿\" style=\"vertical-align: baseline; font-weight: bold; outline: 0px; margin-bottom: 8px; border: 0px; width: 497px;\">Notebook N121AR</h2><h3 style=\"vertical-align: baseline; font-weight: bold; outline: 0px; margin-top: 10px; margin-bottom: 8px; margin-left: 10px; border: 0px; width: 497px;\">CARACTER&Iacute;STICAS DEL PRODUCTO</h3><ul style=\"vertical-align: baseline; outline: 0px; border: 0px; list-style: none outside none; color: rgb(51, 51, 51);\"><li style=\"vertical-align: baseline; font-weight: inherit; font-style: inherit; outline: 0px; padding-left: 10px; margin-bottom: 5px; border: 0px; background: url(;\">Marca: Compaq</li><li style=\"vertical-align: baseline; font-weight: inherit; font-style: inherit; outline: 0px; padding-left: 10px; margin-bottom: 5px; border: 0px; background: url(;\">Modelo: N121AR</li><li style=\"vertical-align: baseline; font-weight: inherit; font-style: inherit; outline: 0px; padding-left: 10px; margin-bottom: 5px; border: 0px; background: url(;\">Procesador: Intel Bay-trail-M N2840</li><li style=\"vertical-align: baseline; font-weight: inherit; font-style: inherit; outline: 0px; padding-left: 10px; margin-bottom: 5px; border: 0px; background: url(;\">Memoria RAM: 4GB</li><li style=\"vertical-align: baseline; font-weight: inherit; font-style: inherit; outline: 0px; padding-left: 10px; margin-bottom: 5px; border: 0px; background: url(;\">Disco duro: 500GB</li><li style=\"vertical-align: baseline; font-weight: inherit; font-style: inherit; outline: 0px; padding-left: 10px; margin-bottom: 5px; border: 0px; background: url(;\">Tarjeta de video: gr&aacute;ficos Intel HD</li><li style=\"vertical-align: baseline; font-weight: inherit; font-style: inherit; outline: 0px; padding-left: 10px; margin-bottom: 5px; border: 0px; background: url(;\">Tama&ntilde;o de pantalla: 14&quot;</li><li style=\"vertical-align: baseline; font-weight: inherit; font-style: inherit; outline: 0px; padding-left: 10px; margin-bottom: 5px; border: 0px; background: url(;\">Tipo de pantalla: LED Backlight LCD</li><li style=\"vertical-align: baseline; font-weight: inherit; font-style: inherit; outline: 0px; padding-left: 10px; margin-bottom: 5px; border: 0px; background: url(;\">Sistema operativo: Windows 10</li><li style=\"vertical-align: baseline; font-weight: inherit; font-style: inherit; outline: 0px; padding-left: 10px; margin-bottom: 5px; border: 0px; background: url(;\">Entradas HDMI: 1</li><li style=\"vertical-align: baseline; font-weight: inherit; font-style: inherit; outline: 0px; padding-left: 10px; margin-bottom: 5px; border: 0px; background: url(;\">Puertos USB: USB 2.0 x 2 + USB 3.0</li><li style=\"vertical-align: baseline; font-weight: inherit; font-style: inherit; outline: 0px; padding-left: 10px; margin-bottom: 5px; border: 0px; background: url(;\">Conexi&oacute;n Bluetooth: s&iacute;</li><li style=\"vertical-align: baseline; font-weight: inherit; font-style: inherit; outline: 0px; padding-left: 10px; margin-bottom: 5px; border: 0px; background: url(;\">Color: negro</li><li style=\"vertical-align: baseline; font-weight: inherit; font-style: inherit; outline: 0px; padding-left: 10px; margin-bottom: 5px; border: 0px; background: url(;\">Peso: 1,5 kg</li><li style=\"vertical-align: baseline; font-weight: inherit; font-style: inherit; outline: 0px; padding-left: 10px; margin-bottom: 5px; border: 0px; background: url(;\">Webcam 1.0MP HD</li><li style=\"vertical-align: baseline; font-weight: inherit; font-style: inherit; outline: 0px; padding-left: 10px; margin-bottom: 5px; border: 0px; background: url(;\">Conectividad: Wi-Fi b/g/n</li><li style=\"vertical-align: baseline; font-weight: inherit; font-style: inherit; outline: 0px; padding-left: 10px; margin-bottom: 5px; border: 0px; background: url(;\">Origen: Argentina</li><li style=\"vertical-align: baseline; font-weight: inherit; font-style: inherit; outline: 0px; padding-left: 10px; margin-bottom: 5px; border: 0px; background: url(;\">Garant&iacute;a del proveedor: 12 meses</li></ul><p style=\"vertical-align: baseline; font-weight: bold; outline: 0px; margin-bottom: 16px; border: 0px; color: rgb(51, 51, 51); line-height: 15px; width: 497px;\">&nbsp;</p><h4 style=\"vertical-align: baseline; outline: 0px; margin-top: 8px; margin-bottom: 4px; border: 0px; width: 497px;\">&nbsp; <strong>MEDIDAS</strong></h4><ul style=\"vertical-align: baseline; outline: 0px; border: 0px; list-style: none outside none; color: rgb(51, 51, 51);\"><li style=\"vertical-align: baseline; font-weight: inherit; font-style: inherit; outline: 0px; padding-left: 10px; margin-bottom: 5px; border: 0px; background: url(;\">Alto: 1,8 cm</li><li style=\"vertical-align: baseline; font-weight: inherit; font-style: inherit; outline: 0px; padding-left: 10px; margin-bottom: 5px; border: 0px; background: url(;\">Largo: 34 cm</li><li style=\"vertical-align: baseline; font-weight: inherit; font-style: inherit; outline: 0px; padding-left: 10px; margin-bottom: 5px; border: 0px; background: url(;\">Ancho: 23,4 cm</li></ul><p style=\"vertical-align: baseline; font-weight: bold; outline: 0px; margin-bottom: 16px; border: 0px; color: rgb(51, 51, 51); line-height: 15px; width: 497px;\">&nbsp;</p>', '1', 7, 17000, 38, NULL, NULL, NULL, 0, '2017-10-06 00:00:00', '2017-10-20 17:10:20');
INSERT INTO `products` (`id`, `title`, `description`, `category`, `mark`, `price`, `stock`, `image`, `folder`, `offer`, `offer_number`, `created_at`, `updated_at`) VALUES
(15, 'Notebook POSITIVO-BGH E-965X', '<div><div><strong>NOTEBOOK POSITIVO BGH E965X</strong></div><div><br></div><div>La Notebook Positivo BGH E965x tiene pantalla 14 pulgadas y cuenta con tecnolog&iacute;a LED WXGA (GLARE) 1366 x 768 pixeles, para brindar la mejor calidad de imagen. Con mouse multi Touch. Su procesador es Intel&reg; Core&trade; i3 5005U de 5ta generaci&oacute;n. Posee memoria RAM de 4GB y tiene un disco de 500 GB SATA. Con Sistema Operativo Windows 10 Home. Tiene 3 puertos USB y VGA + HDMI. Con Web Cam incorporada HD de 1,3 Pixeles. Con bater&iacute;a de 4 celdas. Esta Notebook tiene garant&iacute;a oficial de Positivo BGH por un a&ntilde;o.</div><div>Modelo, pantalla y resoluci&oacute;n</div><div>La Notebook Positivo BGH E965x, tiene pantalla de 14&quot; Led y cuenta con tecnolog&iacute;a LED WXGA (GLARE) 1366 x 768 pixeles para brindar la mejor calidad de imagen.</div><div><br></div><div><u><strong>Sistema Operativo y Procesador</strong></u></div><div>Est&aacute; equipada con el procesador Intel&reg; Core&trade; i3 5005U de 5ta generaci&oacute;n y video integrado Intel&reg; HD Graphics Soporta Microsoft&reg; DirectX 11.</div><div><br></div><div><strong><u>M&aacute;s Comunicaci&oacute;n</u></strong></div><div>Cuenta con Webcam incorporada HD de 1,3 Mpx, lo que te permite realizar video llamadas y estar m&aacute;s conectado.</div><div><br></div><div><strong><u>Otras Funciones</u></strong></div><div>Conectividad</div><div>Posee conectividad 802.11 b/g/N + Bluetooth. Vas a poder transferir datos de manera m&aacute;s &aacute;gil, desde cualquier lugar con los puertos USB, HDMI y lectores de memoria 9 en 1. Posee 1 puerto USB 2.0 y 2 puertos USB 3.0 y Salida Video: VGA + HDMI</div><div><strong><u><br></u></strong></div><div><strong><u>Capacidad</u></strong></div><div>Posee memoria RAM de 4GB y un disco r&iacute;gido de 500GB SATA. Su Sistema Operativo es Windows 10 Home.</div><div><br></div><div><strong><u>Bater&iacute;a</u></strong></div><div>La Notebook Positivo BGH E965x, posee una bater&iacute;a de 4 celdas.</div><div><br></div></div>', '1', 11, 14000, 44, NULL, NULL, NULL, 0, '2017-10-06 00:00:00', '2017-10-20 17:10:20'),
(16, 'Notebook COMPAQ 21-N122AR', '<h4><br></h4><h5><span style=\"font-weight: normal;\">Procesador:&nbsp;Intel Bay-trail-M N3540<br>Windows 10 Home <br>Memoria Ram:&nbsp;4 GB<br>Disco R&iacute;gido:&nbsp;500 GB<br>Pantalla:&nbsp;14&ldquo; Led Backlight LCD<br>Conectividad inal&aacute;mbrica:&nbsp;Wi-Fi b/g/n<br>Gr&aacute;ficos Intel HD, Webcam 1.0MP HD<br>USB 2.0 x 2 + USB 3.0 x 1 + HDMI x 1</span></h5><div><span style=\"font-weight: normal;\"><br></span></div><p><u><strong>M&aacute;xima potencia</strong></u></p><p>Equipada con la nueva interfaz del sistema operativo Windows 10 Home, cuenta adem&aacute;s con toda la potencia del procesador Intel Bay-trail-M N3540 y una memoria RAM de 4GB, permiti&eacute;ndote procesar con la mayor velocidad todos los programas, m&uacute;sica,&nbsp;v&iacute;deo&nbsp;y cualquier tipo de contenido.</p><p><strong><u>Todo el equipamiento</u></strong></p><p>Cuenta con conexi&oacute;n bluetooth, para que puedas transmitir el sonido de una pel&iacute;cula o toda tu m&uacute;sica a cualquier equipo de audio con bluetooth sin necesitar conectarte a trav&eacute;s de cables. Incluye adem&aacute;s una webcam 1.0 MP HD que te permitir&aacute; realizar&nbsp;v&iacute;deo&nbsp;llamadas en alta definici&oacute;n, conectividad inal&aacute;mbrica Wi-Fi b/g/n y gr&aacute;ficos Intel HD, que te brindar&aacute;n una excelente calidad de imagen.</p><p><strong><u>Capacidad de almacenamiento</u></strong></p><p>Posee un Disco R&iacute;gido de 500GB, para que puedas almacenar todos tus programas y grandes vol&uacute;menes de informaci&oacute;n como im&aacute;genes,&nbsp;v&iacute;deos, m&uacute;sica y todo tipo de archivos. Adem&aacute;s cuenta con una entrada HDMI para conectarla directamente a una TV y reproducir m&uacute;sica, series, pel&iacute;culas y todo tipo de contenidos audiovisuales, una entrada USB 3.0 y 2 entradas USB 2.0 con i-Power, para transferir archivos a m&aacute;xima velocidad.</p>', '1', 7, 12000, 37, NULL, NULL, NULL, 0, '2017-10-06 00:00:00', '2017-10-20 17:10:20'),
(17, 'Notebook HP HP 14-AC129LA', '<div>Notebook HP HP 14-AC129LA</div><div>Esta notebook HP presenta la combinaci&oacute;n perfecta de dise&ntilde;o, confiabilidad y recursos. Estilo y productividad, al tiempo que piensas en tu presupuesto, algo que te encantar&aacute;.</div><div>Windows 10 Home u otros sistemas operativos disponibles</div><div><br></div><div><strong><u>Caracter&iacute;sticas adecuadas, precio adecuado</u></strong></div><div>Almacenamiento y alimentaci&oacute;n fiables para una relaci&oacute;n calidad precio insuperable.</div><div><br></div><div><strong><u>Opciones coloridas</u></strong></div><div>Una amplia gama de colores intensos y una cubierta a prueba de huellas digitales con textura le ofrecen un estilo moderno para lucirse.1</div><div><br></div><div><strong><u>Mayor duraci&oacute;n de la bater&iacute;a</u></strong></div><div>Una bater&iacute;a m&aacute;s duradera significa m&aacute;s tiempo fuera y m&aacute;s tiempo en tus viajes.</div><div><br></div><div><strong><u>Potencia de procesamiento confiable</u></strong></div><div>Con procesadores l&iacute;deres en la industria, obtenga el rendimiento confiable que espera y calidad en la que puede confiar.</div><div><br></div><div><strong><u>Windows 10 Home</u></strong></div><div>Lleg&oacute; Windows 10 Home. Haga grandes cosas.</div><div><br></div><div><strong><u>Pantalla de alta definici&oacute;n</u></strong></div><div>Disfrute de su entretenimiento con una claridad impresionante gracias a esta pantalla HD n&iacute;tida 3.</div><div><br></div><div><strong><u>Audio DTS Sound+</u></strong></div><div>Disfrute de matices de audio din&aacute;micos y sonidos de calidad con DTS Sound +.4</div><div><br></div><div><strong><u>Gr&aacute;ficos asombrosos</u></strong></div><div>Disfrute de pel&iacute;culas, juegos y mucho m&aacute;s con gr&aacute;ficos Intel&reg;.</div><div><br></div><div><strong><u>Unidad de estado s&oacute;lido h&iacute;brido</u></strong></div><div>Inicie y ejecute aplicaciones en segundos con una unidad que se ajusta a sus necesidades.</div><div><br></div><div><strong><u>Siga adelante con una bater&iacute;a que resiste m&aacute;s</u></strong></div><div>Aproveche su d&iacute;a durante m&aacute;s tiempo sin la necesidad de recargas 5.</div><div><br></div><div><strong><u>Elija su color</u></strong></div><div>Elija el color que mejor combine con su estilo 6.</div><div><br></div><div><strong><u>C&aacute;mara web HP TrueVision HD</u></strong></div><div>Capture todos los detalles con gran claridad, incluso en situaciones de poca luz.</div><div><br></div><div><strong><u>Repleta de puertos</u></strong></div><div>Con&eacute;ctese con facilidad.</div><div><br></div><div><strong><u>Unidad de DVD regrabable</u></strong></div><div>Mire pel&iacute;culas en DVD.7 O grabe sus propios discos.</div><div><br></div><div><strong><u>Dise&ntilde;o elegante</u></strong></div><div>Lleve este notebook a cualquier parte, gracias a su dise&ntilde;o delgado y liviano.</div>', '1', 8, 16000, 41, NULL, NULL, NULL, 0, '2017-10-06 00:00:00', '2017-10-20 17:10:20'),
(18, 'Notebook LENOVO IP300-80Q7008B', '<p>Procesador: Intel Core i5 6200U</p><p>Velocidad del procesador: 1.6 Ghz</p><p>Memoria ram: 4 GB</p><p>Unidad &oacute;ptica: DVD +/- R</p><p>Sistema operativo: Windows 10</p><p>Capacidad disco r&iacute;gido: 1TB</p><p>Tama&ntilde;o de pantalla: 15.6&quot;</p><p>USB 2.0: x 2</p><p>USB 3.0: x 1</p>', '1', 9, 14500, 23, NULL, NULL, NULL, 0, '2017-10-06 00:00:00', '2017-10-20 17:10:20'),
(19, 'Notebook ACER E5-573-574S CI5', '<p>Procesador Intel core i5 5200U</p><p>Memoria RAM 6GB DDR3L</p><p>Disco Rigido 1TB Sata</p><p>Pantalla 15.6 HD 1366x768</p><p>Placa de Video Intel HD Graphics 4400</p><p>Card Reader</p><p>Web Cam</p><p>Puerto HDMI, USB 3.0 , USB 2.0</p><p>Bateria Li-On 2500 mAh , 4 celdas</p><p>Peso 2.4 Kg ULTRA SLIM COLOR NEGRO&nbsp;</p><p>Sistema Operativo Windows 10</p>', '1', 10, 18999, 32, NULL, NULL, NULL, 0, '2017-10-06 00:00:00', '2017-10-20 17:10:20'),
(20, 'Notebook POSITIVO-BGH FX1000', '<p>Procesador: Intel Core M-5Y10c</p><p>Sistema operativo: Windows 10 home</p><p>Memoria: 4 GB&nbsp;</p><p>Disco: 128 GB SSD&nbsp;</p><p>Pantalla: 14&#39; FULL HD (1900*1080 IPS)&nbsp;</p><p>Webcam: Incorporada 1 HD megapixel&nbsp;</p><p>Video:Integrado Intel HD Graphics 5300&nbsp;</p><p>Audio: Realtek ALC269Q&nbsp;</p><p>WLAN: 802.11 b/g/N&nbsp;</p><p>Puertos: 2 x USB 3.0&nbsp;</p><p>Salida video: Mini HDMI&nbsp;</p><p>Micr&oacute;fono y parlantes: incorporado&nbsp;</p><p>Mouse: multitouch&nbsp;</p><p>Peso: 1.3 kg.&nbsp;</p><p>AC Adapter: AC 110-240V,50-60Hz,DC 12V 2A&nbsp;</p><p>Bater&iacute;a: bater&iacute;a de pol&iacute;mero - 10400mAh&nbsp;</p><p>Salida de parlantes externos: SIsi</p><p>Entrada para micr&oacute;fono: si&nbsp;</p><p>Garant&iacute;a del fabricante: 12 meses</p>', '1', 11, 11000, 44, NULL, NULL, NULL, 0, '2017-10-06 00:00:00', '2017-10-20 17:10:20'),
(22, 'Notebook Lenovo Y700-15ISK 80NV003SAR', '<div class=\"specs_element\" style=\"padding: 3px; clear: left; overflow: hidden; color: rgb(23, 23, 23);\"><div class=\"specs\" style=\"font-weight: bold; float: left; margin-right: 10px;\">Procesador</div><div class=\"specs_details\" style=\"float: left; max-width: 80%;\"><a href=\"http://www.notebookcheck.org/Intel-Core-i7-6700HQ-Notebook-Processor.156193.0.html\" style=\"color: rgb(138, 9, 26);\">Intel Core i7-6700HQ</a> 2.6 GHz</div></div><div class=\"specs_element\" style=\"padding: 3px; clear: left; overflow: hidden; color: rgb(23, 23, 23);\"><div class=\"specs\" style=\"font-weight: bold; float: left; margin-right: 10px;\">Adaptador gr&aacute;fico</div><div class=\"specs_details\" style=\"float: left; max-width: 80%;\"><a href=\"http://www.notebookcheck.org/NVIDIA-GeForce-GTX-960M.143366.0.html\" style=\"color: rgb(138, 9, 26);\">NVIDIA GeForce GTX 960M</a> - 4096 MB, N&uacute;cleo: 1097 MHz, Memor&iacute;a: 5010 MHz, 359.00, Optimus</div></div><div class=\"specs_element\" style=\"padding: 3px; clear: left; overflow: hidden; color: rgb(23, 23, 23);\"><div class=\"specs\" style=\"font-weight: bold; float: left; margin-right: 10px;\">Memor&iacute;a</div><div class=\"specs_details\" style=\"float: left; max-width: 80%;\">16384 MB &nbsp;<div class=\"specs_indicator\" style=\"border: 1px solid rgb(170, 170, 170); width: 8px; height: 10px; display: inline-block;\"><div class=\"specs_indicator_rest\" style=\"width: 8px; height: 0px;\"><br></div><div class=\"specs_indicator_color\" style=\"width: 8px; height: 10px; background-color: rgb(0, 255, 0);\"><br></div></div>, DDR4-2132, PC4-17000, 1066.1 MHz, Dual-Channel, 15-15-15-36</div></div><div class=\"specs_element\" style=\"padding: 3px; clear: left; overflow: hidden; color: rgb(23, 23, 23);\"><div class=\"specs\" style=\"font-weight: bold; float: left; margin-right: 10px;\">pantalla</div><div class=\"specs_details\" style=\"float: left; max-width: 80%;\">15.6 pulgadas 16:9, 1920x1080 pixels, capacitiva multit&aacute;ctil , LG Philips, IPS, Model: LP156WF6-SPK1, ID: LGD04A7, lustroso: si</div></div><div class=\"specs_element\" style=\"padding: 3px; clear: left; overflow: hidden; color: rgb(23, 23, 23);\"><div class=\"specs\" style=\"font-weight: bold; float: left; margin-right: 10px;\">Placa base</div><div class=\"specs_details\" style=\"float: left; max-width: 80%;\">Intel HM170 (Skylake PCH-H)</div></div><div class=\"specs_element\" style=\"padding: 3px; clear: left; overflow: hidden; color: rgb(23, 23, 23);\"><div class=\"specs\" style=\"font-weight: bold; float: left; margin-right: 10px;\">Disco duro</div><div class=\"specs_details\" style=\"float: left; max-width: 80%;\">Samsung MZNLN128HCGR-000L2, 128 GB &nbsp;<div class=\"specs_indicator\" style=\"border: 1px solid rgb(170, 170, 170); width: 8px; height: 10px; display: inline-block;\"><div class=\"specs_indicator_rest\" style=\"width: 8px; height: 8.71875px;\"><br></div><div class=\"specs_indicator_color\" style=\"width: 8px; height: 1.26563px; background-color: rgb(255, 0, 0);\"><br></div></div>, Secundario: Western Digital WD10SPCX 1 TB HDD</div></div><div class=\"specs_element\" style=\"padding: 3px; clear: left; overflow: hidden; color: rgb(23, 23, 23);\"><div class=\"specs\" style=\"font-weight: bold; float: left; margin-right: 10px;\">Tarjeta de sonido</div><div class=\"specs_details\" style=\"float: left; max-width: 80%;\">Intel Skylake PCH-H High Definition Audio Controller</div></div><div class=\"specs_element\" style=\"padding: 3px; clear: left; overflow: hidden; color: rgb(23, 23, 23);\"><div class=\"specs\" style=\"font-weight: bold; float: left; margin-right: 10px;\">Conexiones</div><div class=\"specs_details\" style=\"float: left; max-width: 80%;\">1 USB 2.0, 2 USB 3.0, 1 HDMI, 1 Kensington Lock, Audio Conexiones: clavija combinada de audio, Card Reader: 4-en-1 SD</div></div><div class=\"specs_element\" style=\"padding: 3px; clear: left; overflow: hidden; color: rgb(23, 23, 23);\"><div class=\"specs\" style=\"font-weight: bold; float: left; margin-right: 10px;\">Equipamento de red</div><div class=\"specs_details\" style=\"float: left; max-width: 80%;\">Realtek RTL8168B/8111B Family PCI-E Gigabit Ethernet NIC (10/100/1000MBit), Intel Dual Band Wireless-AC 8260 (a/b/g/n/ac), Bluetooth 4.0</div></div><div class=\"specs_element\" style=\"padding: 3px; clear: left; overflow: hidden; color: rgb(23, 23, 23);\"><div class=\"specs\" style=\"font-weight: bold; float: left; margin-right: 10px;\">Tama&ntilde;o</div><div class=\"specs_details\" style=\"float: left; max-width: 80%;\">Alto x ancho x profundidad (en mm): 25.95 x 387 x 277</div></div><div class=\"specs_element\" style=\"padding: 3px; clear: left; overflow: hidden; color: rgb(23, 23, 23);\"><div class=\"specs\" style=\"font-weight: bold; float: left; margin-right: 10px;\">Batter&iacute;a</div><div class=\"specs_details\" style=\"float: left; max-width: 80%;\">60 Wh Litio-Polimero</div></div><div class=\"specs_element\" style=\"padding: 3px; clear: left; overflow: hidden; color: rgb(23, 23, 23);\"><div class=\"specs\" style=\"font-weight: bold; float: left; margin-right: 10px;\">Sistema Operativo</div><div class=\"specs_details\" style=\"float: left; max-width: 80%;\">Microsoft Windows 10 Home 64 Bit</div></div><div class=\"specs_element\" style=\"padding: 3px; clear: left; overflow: hidden; color: rgb(23, 23, 23);\"><div class=\"specs\" style=\"font-weight: bold; float: left; margin-right: 10px;\">Camera</div><div class=\"specs_details\" style=\"float: left; max-width: 80%;\">Webcam: HD 720p</div></div><div class=\"specs_element\" style=\"padding: 3px; clear: left; overflow: hidden; color: rgb(23, 23, 23);\"><div class=\"specs\" style=\"font-weight: bold; float: left; margin-right: 10px;\">Caracter&iacute;sticas adicionales</div><div class=\"specs_details\" style=\"float: left; max-width: 80%;\">Altavoces: 2W altavoces est&eacute;reo + subwoofer 3 W, Teclado: Chiclet, Luz de Teclado: si, Lenovo Companion 3.0, ID, Photo Master 2.0, SHAREit, Solution Center, McAfee LifeSafe (prueba), 12 Meses Garant&iacute;a</div></div><div class=\"specs_element\" style=\"padding: 3px; clear: left; overflow: hidden; color: rgb(23, 23, 23); font-family: arial, sans-serif;\"><br></div>', '1', 9, 10999, 43, NULL, NULL, NULL, 0, '2017-10-06 00:00:00', '2017-10-20 17:10:20'),
(23, 'Smart Tv SAMSUNG 48 UN48JU6700', '<p>Samsung desarroll&oacute; una tecnolog&iacute;a de color especial para nuestro TV UHD Curvo, llamada PurColor, que ofrece un abanico m&aacute;s amplio de colores y tonos que son tan parecidos a la vida real como es posible, lo que te acerca m&aacute;s a lo que la naturaleza cre&oacute;. Con los 8 millones de p&iacute;xeles que tiene la pantalla UHD (cuatro veces m&aacute;s que la pantalla de Full HD), necesitas m&aacute;s puntos de ajuste de color para crear im&aacute;genes detalladas. Los televisores UHD convencionales tienen alrededor de 27 puntos de ajuste de color, pero PurColour aumenta en gran medida esa cantidad siete veces m&aacute;s, lo que brinda colores y tonos m&aacute;s ricos y definidos.</p><p>El revolucionario televisor Curvo te sumerge en un nuevo mundo de visualizaci&oacute;n envolvente y te hace sentir como si estuvieras en medio de la acci&oacute;n. La pantalla tiene una curva en el &aacute;ngulo correcto para ofrecer la mejor distancia de visualizaci&oacute;n en tu sala de estar. Adem&aacute;s, esta pantalla ligeramente curva ofrece una visi&oacute;n equilibrada y uniforme desde cualquier zona de la pantalla. Contempla la mejor calidad de imagen, profundidad y detalle que una pantalla puede ofrecer.</p>', '3', 4, 23000, 67, NULL, NULL, NULL, 0, '2017-10-06 00:00:00', '2017-10-20 17:10:20'),
(24, 'Smart Tv SAMSUNG 40 UN40J5300', '<p>Colores m&aacute;s vibrantes para obtener mejores im&aacute;genes</p><p>Wide Color Enhancer Plus de Samsung utiliza un algoritmo avanzado para la mejora de la calidad de la imagen, lo que optimiza incre&iacute;blemente la calidad de cualquier imagen y saca a la luz los detalles ocultos. Ahora puedes ver los colores del modo en que se deben ver con Wide Color Enhancer.</p><p>Mir&aacute; pel&iacute;culas desde tu USB</p><p>Gracias a ConnectShare Movie, tan solo ten&eacute;s que conectar tu memoria USB o HDD al televisor y al instante podr&aacute;s disfrutar pel&iacute;culas, fotos o m&uacute;sica. Ahora pod&eacute;s disfrutar de una gran variedad de contenido en tu televisor en la comodidad de tu sala de estar.</p><p>Acced&eacute; a Internet sin cables</p><p>Gracias al Wireless LAN integrado, tus posibilidades de conectividad del televisor ser&aacute;n m&aacute;s eficientes. No necesitar&aacute;s agregar m&aacute;s dispositivos externos y mantendr&aacute;s su dise&ntilde;o atractivo.</p><p>Disfrut&aacute; de aplicaciones enriquecedoras en tu Smart TV</p><p>El contenido lo es todo y el Smart TV de Samsung tiene todo lo que precisas. Disfruta de cientos de aplicaciones y navega por la web para encontrar tu contenido favorito sin problemas y del modo m&aacute;s intuitivo posible. Tan solo desl&iacute;zate hacia la izquierda o la derecha para ver recomendaciones personalizadas de aplicaciones, nuevas aplicaciones destacadas y m&aacute;s con solo echar un vistazo. Incluso tiene una aplicaci&oacute;n de navegador web mejorada que te brinda acceso r&aacute;pido a p&aacute;ginas web populares de tu regi&oacute;n con tan solo el clic de un bot&oacute;n y sin tener que tipear la URL.</p>', '3', 4, 18000, 52, NULL, NULL, NULL, 0, '2017-10-06 00:00:00', '2017-10-20 17:10:20'),
(25, 'Smart Tv LG 32 32LF585B', '<p style=\"outline: 0px; list-style: none;\">Este TV LED LG de 32 pulgadas es ideal para compartir momentos con las caracter&iacute;sticas de pantalla compartida y Content Share que te permiten acceder a todo el contenido desde distintos dispositivos; adem&aacute;s cuenta con un Magic Remote que permite una navegabilidad mucho m&aacute;s sencilla y amigable.</p><p data-empty=\"true\"><br style=\"outline: 0px; list-style: none;\"></p><h2 style=\"outline: 0px; list-style: none; color: rgb(0, 0, 0);\"><u>Panel IPS</u></h2><p style=\"outline: 0px; list-style: none;\">El secreto detr&aacute;s del &aacute;ngulo de visi&oacute;n superior y la calidad del LG TV es el panel. Al igual que la calidad de los granos determina la calidad del caf&eacute;, la calidad del panel determina la calidad del televisor. El Panel IPS utilizado por LG es la raz&oacute;n de por qu&eacute; los LG TVs tienen pantallas m&aacute;s claras, m&aacute;s consistentes y resistentes.</p><p data-empty=\"true\"><br style=\"outline: 0px; list-style: none;\"></p><h2 style=\"outline: 0px; list-style: none; color: rgb(0, 0, 0);\"><u>&Aacute;ngulo de visi&oacute;n amplio</u></h2><p style=\"outline: 0px; list-style: none;\">ULTRA IPS muestra el color y el contraste m&aacute;s consistentes desde todos los &aacute;ngulos entre los paneles competitivos, as&iacute; podr&aacute;s disfrutar de un color de nivel m&aacute;s profesional desde cada asiento de tu hogar.</p><p><u><br style=\"outline: 0px; list-style: none;\"></u></p><h2 style=\"outline: 0px; list-style: none; color: rgb(0, 0, 0);\"><u>Blur-Free Clarity</u></h2><p style=\"outline: 0px; list-style: none;\">IPS es definitivamente superior a los paneles convencionales en cuanto a claridad de imagen durante escenas con movimientos r&aacute;pidos, permitiendo que las im&aacute;genes sean m&aacute;s claras y sin borrones.<br style=\"outline: 0px; list-style: none;\"><br style=\"outline: 0px; list-style: none;\">(Antecedentes Tecnol&oacute;gicos: Debido a la avanzada estructura del cristal liquido. La tecnolog&iacute;a IPS puede generar im&aacute;genes en movimiento precisas con poca distorsi&oacute;n.)</p><p data-empty=\"true\"><br style=\"outline: 0px; list-style: none;\"></p><h2 style=\"outline: 0px; list-style: none; color: rgb(0, 0, 0);\"><u>Pantalla Estable</u></h2><p style=\"outline: 0px; list-style: none;\">Los paneles IPS son estables, firmes y resistentes al da&ntilde;o, a diferencia de los paneles de la competencia; solo con tocarlos podr&aacute;s comprobarlo por ti mismo.<br style=\"outline: 0px; list-style: none;\"><br style=\"outline: 0px; list-style: none;\">(Antecedentes Tecnol&oacute;gicos: El panel VA, debido a la disposici&oacute;n del cristal liquido, se demora un poco para recuperarse cuando el panel recibe un choque. El panel IPS puede recuperarse m&aacute;s r&aacute;pido que un panel VA debido a la disposici&oacute;n &uacute;nica horizontal del LCD).</p><p>&nbsp;</p><h2 style=\"outline: 0px; list-style: none; color: rgb(0, 0, 0);\"><u>LG TV REMOTE APP &nbsp;</u>&nbsp;<img alt=\"\" src=\"http://www.lg.com/ar/images/imagen-y-sonido/features/lg-tv-remote-logo.jpg\" style=\"outline: 0px; list-style: none;\" class=\"fr-fic fr-dii\"></h2><p style=\"outline: 0px; list-style: none;\">Con la aplicaci&oacute;n LG TV Remote, control&aacute; tu TV desde tu Smartphone.<br style=\"outline: 0px; list-style: none;\"><br style=\"outline: 0px; list-style: none;\">- Manej&aacute; todas las funciones b&aacute;sicas del TV.<br style=\"outline: 0px; list-style: none;\"><br style=\"outline: 0px; list-style: none;\">- Busc&aacute; y seleccion&aacute; contenidos.<br style=\"outline: 0px; list-style: none;\"><br style=\"outline: 0px; list-style: none;\">- Us&aacute; el puntero como un Magic Remote para acceder m&aacute;s simple<br style=\"outline: 0px; list-style: none;\"><br style=\"outline: 0px; list-style: none;\"><br style=\"outline: 0px; list-style: none;\">El teclado de tu smartphone es tu teclado!</p>', '3', 1, 16000, 36, NULL, NULL, NULL, 0, '2017-10-06 00:00:00', '2017-10-20 17:10:20'),
(26, 'Smart Tv ADMIRAL 43 AD43SM718', '<h2 style=\"outline: 0px; list-style: none; color: rgb(0, 0, 0);\"><u>Conecta dispositivos</u></h2><p data-empty=\"true\"><br style=\"outline: 0px; list-style: none;\"></p><p style=\"outline: 0px; list-style: none;\">El Admiral Smart TV puede conectarse a dispositivos externos como videoc&aacute;maras, PC, <strong style=\"outline: 0px; list-style: none;\">reproductor de dvd</strong>, <strong style=\"outline: 0px; list-style: none;\">Blu Ray</strong> o <strong style=\"outline: 0px; list-style: none;\">consolas de juegos</strong>, ya que cuenta con entrada de componente / AV, RCA, RGB, salida CVBS Y SPDIF para conexi&oacute;n a sistemas de audio digital, puertos <strong style=\"outline: 0px; list-style: none;\">USB</strong> y entradas <strong style=\"outline: 0px; list-style: none;\">HDMI</strong>.</p><p data-empty=\"true\"><br style=\"outline: 0px; list-style: none;\"></p><p style=\"outline: 0px; list-style: none;\">Adem&aacute;s, posee un <strong style=\"outline: 0px; list-style: none;\">puerto LAN</strong> para conectarlo directamente a <strong style=\"outline: 0px; list-style: none;\">internet</strong> y puedas navegar desde el browser incorporado, reproducir peliculas online o compartir video llamadas.</p><p data-empty=\"true\"><br style=\"outline: 0px; list-style: none;\"></p><h2 style=\"outline: 0px; list-style: none; color: rgb(0, 0, 0);\"><u>Descarga aplicaciones</u></h2><p data-empty=\"true\"><br style=\"outline: 0px; list-style: none;\"></p><p style=\"outline: 0px; list-style: none;\">Su sistema operativo Android 4.2 permite <strong style=\"outline: 0px; list-style: none;\">descargar tus aplicaciones</strong> preferidas como <strong style=\"outline: 0px; list-style: none;\">Netflix</strong> y Youtube a trav&eacute;s de google play store y controlar tus redes sociales desde sus aplicaciones incorporadas como <strong style=\"outline: 0px; list-style: none;\">Twitter o Facebook</strong></p><p data-empty=\"true\"><br style=\"outline: 0px; list-style: none;\"></p><h2 style=\"outline: 0px; list-style: none; color: rgb(0, 0, 0);\"><u>Disfruta Full HD</u></h2><p data-empty=\"true\"><br style=\"outline: 0px; list-style: none;\"></p><p style=\"outline: 0px; list-style: none;\">El Admiral Smart TV tiene una pantalla de visualizaci&oacute;n <strong style=\"outline: 0px; list-style: none;\">LED TFT de 43&rdquo;</strong> con una relaci&oacute;n ancho:alto o relaci&oacute;n de aspecto 16:9 widescreen. Esta relaci&oacute;n permite reproducir videos de hasta <strong style=\"outline: 0px; list-style: none;\">1920 x 1080</strong> correspondiente a un formato panor&aacute;mico de <strong style=\"outline: 0px; list-style: none;\">resoluci&oacute;n HD Full</strong>.</p>', '3', 6, 20000, 85, NULL, NULL, NULL, 0, '2017-10-06 00:00:00', '2017-10-20 17:10:20'),
(27, 'Smart Tv LG 49 49LF6450 3D', '<p>El <strong>Smart TV LG</strong> de 49 pulgadas incorpora el sistema de sonido <strong>3D Sound Zooming</strong> para que tus pel&iacute;culas se escuchen con la m&aacute;s alta claridad. Con la funci&oacute;n Time Machine II no te pierdas m&aacute;s de tus programas favoritos o la repetici&oacute;n de un gol; pone pausa o retrocede en vivo y nunca m&aacute;s te pierdas lo importante</p>', '3', 1, 24000, 81, NULL, NULL, NULL, 0, '2017-10-06 00:00:00', '2017-10-20 17:10:20'),
(28, 'Smart Tv SAMSUNG 55 UN55J5500', '<p>El portal hacia la nueva experiencia de TV m&aacute;s inteligente est&aacute; justo en el borde inferior de la pantalla, para que nunca pierdas de vista lo que est&aacute;s mirando. La barra del men&uacute; del Smart TV te brinda un acceso m&aacute;s &aacute;gil, r&aacute;pido y verdaderamente intuitivo a tu contenido preferido. Ya no tienes que pasar por todos los canales buscando el contenido que deseas: el TV recuerda tu historial y pone el contenido que m&aacute;s utilizas a la vista, en la barra del men&uacute;, para que encontrar tu contenido favorito sea m&aacute;s f&aacute;cil que nunca. Incluso puedes explorar otros tipos de contenido, ya que el Smart TV de Samsung te recomienda continuamente contenidos nuevos y destacados que podr&iacute;an interesarte. Descubre la experiencia Smart TV m&aacute;s sencilla hasta el momento.</p><p>El contenido lo es todo y el Smart TV de Samsung tiene todo lo que precisas. Disfruta de cientos de aplicaciones y navega por la web para encontrar tu contenido favorito sin problemas y del modo m&aacute;s intuitivo posible. Tan solo desl&iacute;zate hacia la izquierda o la derecha para ver recomendaciones personalizadas de aplicaciones, nuevas aplicaciones destacadas y m&aacute;s con solo echar un vistazo. Incluso tiene una aplicaci&oacute;n de navegador web mejorada que te brinda acceso r&aacute;pido a p&aacute;ginas web populares de tu regi&oacute;n con tan solo el clic de un bot&oacute;n y sin tener que tipear la URL.</p><p>Gracias a su procesador Quad Core, tu Smart TV de Samsung te ofrece un mayor rendimiento. La diferencia se nota de inmediato, ya que ejecutar m&uacute;ltiples tareas y pasar del contenido a la navegaci&oacute;n web es m&aacute;s r&aacute;pido, y la interacci&oacute;n es m&aacute;s &aacute;gil. Esta potencia adicional hace que tu experiencia de entretenimiento sea mucho m&aacute;s placentera, con menos tiempo de espera y m&aacute;s visualizaci&oacute;n.</p>', '3', 4, 25000, 36, NULL, NULL, NULL, 0, '2017-10-06 00:00:00', '2017-10-20 17:10:20'),
(29, 'LED SAMSUNG 32 UN32J4000', '<p>Colores m&aacute;s vibrantes para obtener mejores im&aacute;genes</p><p>Wide Color Enhancer Plus de Samsung utiliza un algoritmo avanzado para la mejora de la calidad de la imagen, lo que optimiza incre&iacute;blemente la calidad de cualquier imagen y saca a la luz los detalles ocultos. Ahora puedes ver los colores del modo en que se deben ver con Wide Color Enhancer.</p><p>Una experiencia multimedia completa para tu living</p><p>Gracias a las entradas de la Interfaz Multimedia de Alta Definici&oacute;n (HDMI), el televisor de Samsung transformar&aacute; tu sala de estar en un centro de entretenimiento multimedia. HDMI brinda una transmisi&oacute;n de alta velocidad de los datos digitales de alta definici&oacute;n a partir de m&uacute;ltiples dispositivos hacia tu televisor de forma directa.</p><p>Mir&aacute; pel&iacute;culas desde tu USB</p><p>Gracias a ConnectShare Movie, tan solo ten&eacute;s que conectar tu memoria USB o HDD al televisor y al instante podr&aacute;s disfrutar pel&iacute;culas, fotos o m&uacute;sica. Ahora pod&eacute;s disfrutar de una gran variedad de contenido en tu televisor en la comodidad de tu sala de estar.</p>', '3', 4, 14000, 47, NULL, NULL, NULL, 0, '2017-10-23 00:43:00', '2017-10-23 00:54:49'),
(30, 'LED LG 43 43LF5410', '<div><u><strong>Descripci&oacute;n</strong></u></div><div>El procesador de im&aacute;genes Triple XD Engine de &uacute;ltima generaci&oacute;n de la TV LED LG de 43 pulgadas, creado por LG, es el &uacute;nico que te va a permitir disfrutar del m&aacute;s alto nivel de calidad en colores y brillos. La pantalla de 43 pulgadas, &uacute;nica en su segmento, es el complemento ideal para que la experiencia de uso sea completa.</div><div><br></div><div><u><strong>Sonido</strong></u></div><div>Parlantes 2</div><div>Potencia de Parlantes (RMS) 10 W</div><div>Modos de Sonido Dolby, Mono, SAP, Stereo</div><div>Funci&oacute;n de Sonido Surround</div><div><u><strong><br></strong></u></div><div><u><strong>Conectividad</strong></u></div><div>HDMI 1</div><div>USB 1</div><div>Puerto de Red No</div><div>VGA No</div><div>Audio y Video (A/V) No</div><div>Video Compuesto No</div><div>NFC No</div><div>Sintonizador Digital S&iacute; (ISDBT)</div><div>Salida para Auriculares No</div><div><br></div><div><strong><u>Caracter&iacute;sticas especiales</u></strong></div><div>Smart TV No</div><div>YouTube No</div><div>Skype No</div><div>3D No</div><div>Control por movimiento No</div><div>Control por voz No</div><div>Juegos S&iacute;</div><div>Compatibilidad con Teclado y Mouse USB No</div><div>Compartir Archivos No</div><div>Dual Gaming No</div><div>Formatos de Rep. de Video/Imagen MP4, JPEG, AVI</div><div>Formatos de Rep. de Audio MP3, AAC</div><div><br></div><div><u><strong>Dimensiones</strong></u></div><div>Medidas sin base</div><div>Alto 57.5 cm</div><div>Ancho 97.1 cm</div><div>Profundidad 14.9 cm</div><div><br></div><div>Medidas con base</div><div>Alto (con Base) 62.4 cm</div><div>Ancho (con base) 97.1 cm</div><div>Profundidad (con base) 19.8 cm</div><div><br></div>', '3', 1, 17000, 40, NULL, NULL, NULL, 0, '2017-10-22 22:00:00', '2017-10-23 00:54:16'),
(31, 'LED LG 43 43LF5410', '<p>TV Personal (TV + Monitor): El monitor TV LG 24MT45D te permite disfrutar del mayor entretenimiento multimedia: es posible ver pel&iacute;culas en DVD, acceder a Internet, visualizar fotos y jugar videojuegos. Con la calidad de imagen HD tu diversi&oacute;n est&aacute; garantizada.Parlantes Est&eacute;reo (5w x 2): Viv&iacute; el sonido de tus pel&iacute;culas y videojuegos al m&aacute;ximo. Con los parlantes est&eacute;reo incorporados, ya no es necesario que conect&eacute;s ning&uacute;n parlante extra a tu monitor.Time Machine Ready: Conectando el dispositivo de almacenamiento externo, pod&eacute;s grabar tu programa de TV favorito y volver al punto donde quieras verlo nuevamente. No te pierdas nada! (Requiere la compra adicional de una memoria externa)</p>', '3', 1, 15000, 73, NULL, NULL, NULL, 0, '2017-09-22 00:00:00', '2017-10-23 00:52:30');

-- --------------------------------------------------------

--
-- Estructura de tabla para la tabla `products_imgs`
--

CREATE TABLE `products_imgs` (
  `id` int(11) NOT NULL,
  `folder` text COLLATE utf8_bin NOT NULL,
  `title` text COLLATE utf8_bin NOT NULL,
  `sizes` varchar(50) COLLATE utf8_bin NOT NULL
) ENGINE=InnoDB DEFAULT CHARSET=utf8 COLLATE=utf8_bin;

-- --------------------------------------------------------

--
-- Estructura de tabla para la tabla `users`
--

CREATE TABLE `users` (
  `id` int(11) NOT NULL,
  `firstname` varchar(155) COLLATE utf8_bin NOT NULL,
  `lastname` varchar(155) COLLATE utf8_bin NOT NULL,
  `username` varchar(155) COLLATE utf8_bin NOT NULL,
  `password` varchar(255) COLLATE utf8_bin NOT NULL,
  `email` varchar(255) COLLATE utf8_bin NOT NULL,
  `gender` varchar(25) COLLATE utf8_bin DEFAULT NULL,
  `document` int(8) NOT NULL,
  `phone` varchar(12) COLLATE utf8_bin NOT NULL,
  `rank` int(1) DEFAULT NULL,
  `cash` int(11) DEFAULT NULL,
  `dayBirth` int(11) DEFAULT NULL,
  `monthBirth` int(11) DEFAULT NULL,
  `yearBirth` int(11) DEFAULT NULL,
  `country` varchar(10) COLLATE utf8_bin NOT NULL,
  `city` varchar(50) COLLATE utf8_bin NOT NULL,
  `address` varchar(100) COLLATE utf8_bin NOT NULL,
  `postalcode` int(11) NOT NULL
) ENGINE=InnoDB DEFAULT CHARSET=utf8 COLLATE=utf8_bin;

--
-- Volcado de datos para la tabla `users`
--

INSERT INTO `users` (`id`, `firstname`, `lastname`, `username`, `password`, `email`, `gender`, `document`, `phone`, `rank`, `cash`, `dayBirth`, `monthBirth`, `yearBirth`, `country`, `city`, `address`, `postalcode`) VALUES
(1, 'Marcos', 'Gin', 'Khyzo', '$2y$10$3CG3Vvtubduf2ZFkYafyqO1D1VH4wkTglIM4v/tcyNFckZ.HVF.nO', 'marcosgin291@gmail.com', 'male', 42270070, '1527189981', 1, 0, 30, 5, 1999, 'ar', 'Avellaneda', 'Beazley 91', 1874),
(2, 'Maria', 'Gonzalez', 'Maruchi', '$2y$10$3CG3Vvtubduf2ZFkYafyqO1D1VH4wkTglIM4v/tcyNFckZ.HVF.nO', 'maruchi291@hotmail.com', 'female', 452042442, '1542132523', 0, NULL, NULL, NULL, NULL, 've', 'Río de janeiro', 'Av. Rodriguez 3214', 2314);

-- --------------------------------------------------------

--
-- Estructura de tabla para la tabla `users_activate`
--

CREATE TABLE `users_activate` (
  `id` int(11) NOT NULL,
  `user_id` int(11) NOT NULL,
  `token` varchar(255) COLLATE utf8_bin NOT NULL,
  `change_email` tinyint(1) DEFAULT NULL
) ENGINE=InnoDB DEFAULT CHARSET=utf8 COLLATE=utf8_bin;

-- --------------------------------------------------------

--
-- Estructura de tabla para la tabla `users_sessions`
--

CREATE TABLE `users_sessions` (
  `id` int(11) NOT NULL,
  `user_id` int(11) NOT NULL,
  `jwt` text NOT NULL,
  `device` varchar(255) NOT NULL,
  `ip` varchar(20) NOT NULL,
  `created_at` datetime NOT NULL,
  `activate` tinyint(1) DEFAULT NULL,
  `aud` varchar(155) NOT NULL
) ENGINE=InnoDB DEFAULT CHARSET=latin1;

--
-- Índices para tablas volcadas
--

--
-- Indices de la tabla `categories`
--
ALTER TABLE `categories`
  ADD PRIMARY KEY (`id`);

--
-- Indices de la tabla `countrys`
--
ALTER TABLE `countrys`
  ADD PRIMARY KEY (`id_country`);

--
-- Indices de la tabla `marks`
--
ALTER TABLE `marks`
  ADD PRIMARY KEY (`id`);

--
-- Indices de la tabla `mistakes`
--
ALTER TABLE `mistakes`
  ADD PRIMARY KEY (`id`);

--
-- Indices de la tabla `products`
--
ALTER TABLE `products`
  ADD PRIMARY KEY (`id`);

--
-- Indices de la tabla `products_imgs`
--
ALTER TABLE `products_imgs`
  ADD PRIMARY KEY (`id`);

--
-- Indices de la tabla `users`
--
ALTER TABLE `users`
  ADD PRIMARY KEY (`id`);

--
-- Indices de la tabla `users_activate`
--
ALTER TABLE `users_activate`
  ADD PRIMARY KEY (`id`);

--
-- Indices de la tabla `users_sessions`
--
ALTER TABLE `users_sessions`
  ADD PRIMARY KEY (`id`);

--
-- AUTO_INCREMENT de las tablas volcadas
--

--
-- AUTO_INCREMENT de la tabla `categories`
--
ALTER TABLE `categories`
  MODIFY `id` int(11) NOT NULL AUTO_INCREMENT, AUTO_INCREMENT=4;
--
-- AUTO_INCREMENT de la tabla `countrys`
--
ALTER TABLE `countrys`
  MODIFY `id_country` int(1) NOT NULL AUTO_INCREMENT, AUTO_INCREMENT=12;
--
-- AUTO_INCREMENT de la tabla `marks`
--
ALTER TABLE `marks`
  MODIFY `id` int(11) NOT NULL AUTO_INCREMENT, AUTO_INCREMENT=13;
--
-- AUTO_INCREMENT de la tabla `mistakes`
--
ALTER TABLE `mistakes`
  MODIFY `id` int(11) NOT NULL AUTO_INCREMENT, AUTO_INCREMENT=7;
--
-- AUTO_INCREMENT de la tabla `products`
--
ALTER TABLE `products`
  MODIFY `id` int(11) NOT NULL AUTO_INCREMENT, AUTO_INCREMENT=32;
--
-- AUTO_INCREMENT de la tabla `products_imgs`
--
ALTER TABLE `products_imgs`
  MODIFY `id` int(11) NOT NULL AUTO_INCREMENT;
--
-- AUTO_INCREMENT de la tabla `users`
--
ALTER TABLE `users`
  MODIFY `id` int(11) NOT NULL AUTO_INCREMENT, AUTO_INCREMENT=3;
--
-- AUTO_INCREMENT de la tabla `users_activate`
--
ALTER TABLE `users_activate`
  MODIFY `id` int(11) NOT NULL AUTO_INCREMENT;
--
-- AUTO_INCREMENT de la tabla `users_sessions`
--
ALTER TABLE `users_sessions`
  MODIFY `id` int(11) NOT NULL AUTO_INCREMENT;COMMIT;

/*!40101 SET CHARACTER_SET_CLIENT=@OLD_CHARACTER_SET_CLIENT */;
/*!40101 SET CHARACTER_SET_RESULTS=@OLD_CHARACTER_SET_RESULTS */;
/*!40101 SET COLLATION_CONNECTION=@OLD_COLLATION_CONNECTION */;
